,date,ML,Low,High
Albania,2020-03-17,2.0,0.34,6.43
Albania,2020-03-18,1.6400000000000001,0.4,3.7
Albania,2020-03-19,1.6600000000000001,0.45,3.31
Albania,2020-03-20,1.6500000000000001,0.51,3.06
Albania,2020-03-21,1.73,0.65,3.0
Albania,2020-03-22,1.83,0.79,2.93
Albania,2020-03-23,1.9100000000000001,0.98,2.9
Albania,2020-03-24,1.78,0.84,2.68
Albania,2020-03-25,1.7,0.85,2.54
Albania,2020-03-26,1.56,0.78,2.36
Albania,2020-03-27,1.3800000000000001,0.63,2.13
Albania,2020-03-28,1.25,0.51,1.96
Albania,2020-03-29,1.1,0.4,1.83
Albania,2020-03-30,0.97,0.26,1.67
Albania,2020-03-31,0.93,0.22,1.6300000000000001
Albania,2020-04-01,1.0,0.29,1.72
Albania,2020-04-02,1.07,0.36,1.79
Albania,2020-04-03,1.2,0.5,1.9100000000000001
Albania,2020-04-04,1.22,0.54,1.9100000000000001
Albania,2020-04-05,1.18,0.51,1.85
Albania,2020-04-06,1.09,0.42,1.74
Albania,2020-04-07,0.97,0.32,1.6400000000000001
Albania,2020-04-08,0.8200000000000001,0.16,1.46
Albania,2020-04-09,0.72,0.08,1.36
Albania,2020-04-10,0.63,0.02,1.26
Albania,2020-04-11,0.63,0.01,1.28
Albania,2020-04-12,0.72,0.05,1.43
Albania,2020-04-13,0.87,0.13,1.6300000000000001
Albania,2020-04-14,1.0,0.22,1.78
Albania,2020-04-15,1.08,0.29,1.86
Andorra,2020-03-17,2.0,0.34,6.43
Andorra,2020-03-18,1.8900000000000001,0.54,3.62
Andorra,2020-03-19,1.8,0.65,3.12
Andorra,2020-03-20,1.81,0.8,2.92
Andorra,2020-03-21,1.72,0.84,2.67
Andorra,2020-03-22,1.7,0.91,2.5300000000000002
Andorra,2020-03-23,1.6600000000000001,0.96,2.41
Andorra,2020-03-24,1.6,0.9,2.2800000000000002
Andorra,2020-03-25,1.57,0.9400000000000001,2.23
Andorra,2020-03-26,1.5,0.9,2.11
Andorra,2020-03-27,1.42,0.86,2.0100000000000002
Andorra,2020-03-28,1.33,0.78,1.8800000000000001
Andorra,2020-03-29,1.17,0.64,1.72
Andorra,2020-03-30,1.06,0.53,1.6
Andorra,2020-03-31,0.93,0.4,1.48
Andorra,2020-04-01,0.81,0.25,1.34
Andorra,2020-04-02,0.78,0.23,1.35
Andorra,2020-04-03,0.74,0.18,1.32
Andorra,2020-04-04,0.79,0.22,1.4000000000000001
Andorra,2020-04-05,0.88,0.29,1.5
Andorra,2020-04-06,0.93,0.31,1.53
Andorra,2020-04-07,1.0,0.39,1.62
Andorra,2020-04-08,0.98,0.36,1.59
Andorra,2020-04-09,0.9,0.29,1.53
Andorra,2020-04-10,0.85,0.23,1.48
Andorra,2020-04-11,0.76,0.15,1.4000000000000001
Andorra,2020-04-12,0.74,0.12,1.3900000000000001
Andorra,2020-04-13,0.72,0.08,1.36
Andorra,2020-04-14,0.74,0.09,1.41
Andorra,2020-04-15,0.8300000000000001,0.13,1.52
Austria,2020-03-17,2.0,0.34,6.43
Austria,2020-03-18,1.19,0.79,1.59
Austria,2020-03-19,1.33,1.06,1.6300000000000001
Austria,2020-03-20,1.44,1.22,1.67
Austria,2020-03-21,1.51,1.33,1.71
Austria,2020-03-22,1.49,1.33,1.6500000000000001
Austria,2020-03-23,1.5,1.36,1.6500000000000001
Austria,2020-03-24,1.46,1.33,1.59
Austria,2020-03-25,1.42,1.29,1.53
Austria,2020-03-26,1.33,1.21,1.44
Austria,2020-03-27,1.24,1.12,1.35
Austria,2020-03-28,1.1300000000000001,1.01,1.23
Austria,2020-03-29,1.05,0.9400000000000001,1.16
Austria,2020-03-30,0.93,0.81,1.03
Austria,2020-03-31,0.85,0.74,0.97
Austria,2020-04-01,0.78,0.66,0.9
Austria,2020-04-02,0.71,0.59,0.8300000000000001
Austria,2020-04-03,0.63,0.5,0.75
Austria,2020-04-04,0.59,0.46,0.73
Austria,2020-04-05,0.54,0.39,0.67
Austria,2020-04-06,0.5700000000000001,0.42,0.72
Austria,2020-04-07,0.58,0.42,0.73
Austria,2020-04-08,0.64,0.48,0.81
Austria,2020-04-09,0.71,0.54,0.88
Austria,2020-04-10,0.78,0.61,0.96
Austria,2020-04-11,0.79,0.62,0.98
Austria,2020-04-12,0.77,0.59,0.96
Austria,2020-04-13,0.71,0.52,0.9
Austria,2020-04-14,0.64,0.44,0.84
Austria,2020-04-15,0.56,0.35000000000000003,0.77
Belarus,2020-03-17,2.0,0.34,6.43
Belarus,2020-03-18,1.34,0.34,2.89
Belarus,2020-03-19,1.16,0.3,2.37
Belarus,2020-03-20,1.07,0.31,2.15
Belarus,2020-03-21,1.0,0.29,1.98
Belarus,2020-03-22,0.9,0.26,1.81
Belarus,2020-03-23,0.86,0.25,1.73
Belarus,2020-03-24,0.36,0.0,1.3900000000000001
Belarus,2020-03-25,0.34,0.0,1.47
Belarus,2020-03-26,0.33,0.0,1.56
Belarus,2020-03-27,0.75,0.0,1.92
Belarus,2020-03-28,1.25,0.07,2.4
Belarus,2020-03-29,1.87,0.61,3.04
Belarus,2020-03-30,2.59,1.57,3.59
Belarus,2020-03-31,2.69,1.85,3.48
Belarus,2020-04-01,2.61,1.95,3.29
Belarus,2020-04-02,2.5,1.95,3.06
Belarus,2020-04-03,2.2600000000000002,1.8,2.75
Belarus,2020-04-04,2.14,1.72,2.54
Belarus,2020-04-05,2.0300000000000002,1.6600000000000001,2.38
Belarus,2020-04-06,1.97,1.6600000000000001,2.3000000000000003
Belarus,2020-04-07,2.02,1.75,2.32
Belarus,2020-04-08,1.97,1.72,2.22
Belarus,2020-04-09,1.8800000000000001,1.6600000000000001,2.11
Belarus,2020-04-10,1.76,1.56,1.97
Belarus,2020-04-11,1.62,1.44,1.82
Belarus,2020-04-12,1.51,1.34,1.7
Belarus,2020-04-13,1.3900000000000001,1.23,1.57
Belarus,2020-04-14,1.27,1.11,1.44
Belarus,2020-04-15,1.2,1.05,1.37
Belgium,2020-03-17,2.0,0.34,6.43
Belgium,2020-03-18,1.54,1.1400000000000001,1.97
Belgium,2020-03-19,1.53,1.24,1.81
Belgium,2020-03-20,1.45,1.23,1.69
Belgium,2020-03-21,1.41,1.21,1.6
Belgium,2020-03-22,1.3800000000000001,1.21,1.55
Belgium,2020-03-23,1.42,1.27,1.58
Belgium,2020-03-24,1.46,1.32,1.6
Belgium,2020-03-25,1.55,1.43,1.69
Belgium,2020-03-26,1.6400000000000001,1.52,1.76
Belgium,2020-03-27,1.67,1.56,1.78
Belgium,2020-03-28,1.61,1.51,1.71
Belgium,2020-03-29,1.51,1.42,1.61
Belgium,2020-03-30,1.3900000000000001,1.29,1.47
Belgium,2020-03-31,1.29,1.2,1.3800000000000001
Belgium,2020-04-01,1.19,1.1,1.27
Belgium,2020-04-02,1.1,1.02,1.19
Belgium,2020-04-03,1.04,0.96,1.1300000000000001
Belgium,2020-04-04,1.02,0.93,1.1
Belgium,2020-04-05,1.0,0.92,1.09
Belgium,2020-04-06,1.02,0.9400000000000001,1.11
Belgium,2020-04-07,1.04,0.96,1.1300000000000001
Belgium,2020-04-08,1.05,0.97,1.1400000000000001
Belgium,2020-04-09,1.06,0.98,1.1400000000000001
Belgium,2020-04-10,1.05,0.96,1.12
Belgium,2020-04-11,1.0,0.91,1.07
Belgium,2020-04-12,1.0,0.92,1.08
Belgium,2020-04-13,1.0,0.91,1.07
Belgium,2020-04-14,1.0,0.91,1.07
Belgium,2020-04-15,1.02,0.9400000000000001,1.1
Bosnia,2020-03-17,2.0,0.34,6.43
Bosnia,2020-03-18,1.27,0.34,2.54
Bosnia,2020-03-19,1.25,0.43,2.29
Bosnia,2020-03-20,1.19,0.42,2.04
Bosnia,2020-03-21,1.19,0.48,1.96
Bosnia,2020-03-22,1.16,0.51,1.87
Bosnia,2020-03-23,1.11,0.5,1.76
Bosnia,2020-03-24,1.03,0.34,1.68
Bosnia,2020-03-25,1.12,0.45,1.78
Bosnia,2020-03-26,1.2,0.54,1.84
Bosnia,2020-03-27,1.34,0.72,1.97
Bosnia,2020-03-28,1.43,0.8200000000000001,2.0
Bosnia,2020-03-29,1.49,0.92,2.0300000000000002
Bosnia,2020-03-30,1.54,1.02,2.06
Bosnia,2020-03-31,1.49,1.01,1.99
Bosnia,2020-04-01,1.44,0.98,1.9100000000000001
Bosnia,2020-04-02,1.32,0.88,1.77
Bosnia,2020-04-03,1.19,0.76,1.6300000000000001
Bosnia,2020-04-04,1.1,0.67,1.53
Bosnia,2020-04-05,1.02,0.6,1.46
Bosnia,2020-04-06,0.96,0.53,1.3900000000000001
Bosnia,2020-04-07,0.98,0.53,1.3900000000000001
Bosnia,2020-04-08,0.98,0.55,1.42
Bosnia,2020-04-09,1.01,0.59,1.46
Bosnia,2020-04-10,1.04,0.61,1.47
Bosnia,2020-04-11,1.01,0.59,1.45
Bosnia,2020-04-12,1.0,0.5700000000000001,1.43
Bosnia,2020-04-13,0.96,0.52,1.3800000000000001
Bosnia,2020-04-14,0.9,0.48,1.36
Bosnia,2020-04-15,0.84,0.39,1.28
Bulgaria,2020-03-17,2.0,0.34,6.43
Bulgaria,2020-03-18,1.59,0.52,2.93
Bulgaria,2020-03-19,1.43,0.53,2.42
Bulgaria,2020-03-20,1.36,0.6,2.23
Bulgaria,2020-03-21,1.32,0.63,2.08
Bulgaria,2020-03-22,1.23,0.6,1.9100000000000001
Bulgaria,2020-03-23,1.2,0.61,1.82
Bulgaria,2020-03-24,1.08,0.45,1.7
Bulgaria,2020-03-25,1.05,0.43,1.67
Bulgaria,2020-03-26,1.05,0.42,1.6500000000000001
Bulgaria,2020-03-27,1.05,0.44,1.67
Bulgaria,2020-03-28,1.05,0.44,1.6600000000000001
Bulgaria,2020-03-29,1.05,0.44,1.6500000000000001
Bulgaria,2020-03-30,1.07,0.46,1.6600000000000001
Bulgaria,2020-03-31,1.12,0.53,1.72
Bulgaria,2020-04-01,1.09,0.49,1.6600000000000001
Bulgaria,2020-04-02,1.09,0.51,1.67
Bulgaria,2020-04-03,1.04,0.46,1.61
Bulgaria,2020-04-04,0.98,0.41000000000000003,1.57
Bulgaria,2020-04-05,0.98,0.41000000000000003,1.57
Bulgaria,2020-04-06,0.93,0.36,1.53
Bulgaria,2020-04-07,0.89,0.31,1.49
Bulgaria,2020-04-08,0.88,0.29,1.48
Bulgaria,2020-04-09,0.8300000000000001,0.24,1.45
Bulgaria,2020-04-10,0.8300000000000001,0.22,1.45
Bulgaria,2020-04-11,0.84,0.22,1.47
Bulgaria,2020-04-12,0.89,0.27,1.55
Bulgaria,2020-04-13,0.9500000000000001,0.3,1.59
Bulgaria,2020-04-14,1.03,0.39,1.69
Bulgaria,2020-04-15,1.08,0.45,1.74
Croatia,2020-03-17,2.0,0.34,6.43
Croatia,2020-03-18,2.16,0.92,3.49
Croatia,2020-03-19,1.98,1.07,2.94
Croatia,2020-03-20,1.9000000000000001,1.1500000000000001,2.64
Croatia,2020-03-21,1.82,1.2,2.45
Croatia,2020-03-22,1.77,1.25,2.33
Croatia,2020-03-23,1.6600000000000001,1.19,2.14
Croatia,2020-03-24,1.57,1.1400000000000001,2.02
Croatia,2020-03-25,1.43,1.02,1.85
Croatia,2020-03-26,1.36,0.96,1.75
Croatia,2020-03-27,1.28,0.91,1.68
Croatia,2020-03-28,1.21,0.85,1.6
Croatia,2020-03-29,1.16,0.79,1.52
Croatia,2020-03-30,1.1300000000000001,0.77,1.49
Croatia,2020-03-31,1.08,0.72,1.43
Croatia,2020-04-01,1.06,0.71,1.42
Croatia,2020-04-02,1.0,0.65,1.36
Croatia,2020-04-03,0.9400000000000001,0.5700000000000001,1.28
Croatia,2020-04-04,0.88,0.51,1.23
Croatia,2020-04-05,0.8300000000000001,0.46,1.2
Croatia,2020-04-06,0.8200000000000001,0.45,1.21
Croatia,2020-04-07,0.85,0.47000000000000003,1.24
Croatia,2020-04-08,0.89,0.51,1.29
Croatia,2020-04-09,0.96,0.58,1.37
Croatia,2020-04-10,1.02,0.63,1.41
Croatia,2020-04-11,1.05,0.67,1.45
Croatia,2020-04-12,1.04,0.66,1.44
Croatia,2020-04-13,1.0,0.63,1.41
Croatia,2020-04-14,0.93,0.54,1.32
Croatia,2020-04-15,0.88,0.48,1.27
Czechia,2020-03-17,2.0,0.34,6.43
Czechia,2020-03-18,1.34,0.75,1.96
Czechia,2020-03-19,1.23,0.8,1.68
Czechia,2020-03-20,1.1500000000000001,0.81,1.54
Czechia,2020-03-21,1.1,0.79,1.42
Czechia,2020-03-22,1.12,0.84,1.41
Czechia,2020-03-23,1.1400000000000001,0.89,1.41
Czechia,2020-03-24,1.22,0.99,1.47
Czechia,2020-03-25,1.31,1.08,1.54
Czechia,2020-03-26,1.37,1.16,1.6
Czechia,2020-03-27,1.3800000000000001,1.17,1.59
Czechia,2020-03-28,1.35,1.1500000000000001,1.55
Czechia,2020-03-29,1.27,1.08,1.47
Czechia,2020-03-30,1.22,1.03,1.41
Czechia,2020-03-31,1.1300000000000001,0.9400000000000001,1.31
Czechia,2020-04-01,1.07,0.89,1.26
Czechia,2020-04-02,1.01,0.8300000000000001,1.2
Czechia,2020-04-03,0.98,0.8,1.17
Czechia,2020-04-04,0.9500000000000001,0.76,1.1300000000000001
Czechia,2020-04-05,0.96,0.77,1.1400000000000001
Czechia,2020-04-06,0.9500000000000001,0.77,1.1500000000000001
Czechia,2020-04-07,0.9500000000000001,0.77,1.1500000000000001
Czechia,2020-04-08,0.89,0.7000000000000001,1.08
Czechia,2020-04-09,0.86,0.67,1.06
Czechia,2020-04-10,0.78,0.58,0.98
Czechia,2020-04-11,0.73,0.52,0.93
Czechia,2020-04-12,0.65,0.43,0.86
Czechia,2020-04-13,0.58,0.36,0.8200000000000001
Czechia,2020-04-14,0.51,0.26,0.74
Czechia,2020-04-15,0.48,0.23,0.75
Denmark,2020-03-17,2.0,0.34,6.43
Denmark,2020-03-18,1.1300000000000001,0.49,1.8800000000000001
Denmark,2020-03-19,1.04,0.52,1.58
Denmark,2020-03-20,0.97,0.54,1.44
Denmark,2020-03-21,0.98,0.58,1.3800000000000001
Denmark,2020-03-22,1.02,0.66,1.3900000000000001
Denmark,2020-03-23,1.09,0.76,1.43
Denmark,2020-03-24,1.1500000000000001,0.85,1.48
Denmark,2020-03-25,1.25,0.96,1.57
Denmark,2020-03-26,1.34,1.05,1.6300000000000001
Denmark,2020-03-27,1.4000000000000001,1.12,1.67
Denmark,2020-03-28,1.43,1.16,1.68
Denmark,2020-03-29,1.44,1.21,1.71
Denmark,2020-03-30,1.44,1.2,1.67
Denmark,2020-03-31,1.43,1.22,1.67
Denmark,2020-04-01,1.42,1.2,1.62
Denmark,2020-04-02,1.3900000000000001,1.18,1.58
Denmark,2020-04-03,1.36,1.18,1.57
Denmark,2020-04-04,1.32,1.1400000000000001,1.51
Denmark,2020-04-05,1.28,1.1,1.46
Denmark,2020-04-06,1.22,1.05,1.4000000000000001
Denmark,2020-04-07,1.1300000000000001,0.96,1.3
Denmark,2020-04-08,1.04,0.87,1.21
Denmark,2020-04-09,0.9400000000000001,0.76,1.1
Denmark,2020-04-10,0.84,0.66,1.01
Denmark,2020-04-11,0.75,0.5700000000000001,0.93
Denmark,2020-04-12,0.68,0.5,0.88
Denmark,2020-04-13,0.64,0.44,0.8300000000000001
Denmark,2020-04-14,0.64,0.44,0.85
Denmark,2020-04-15,0.68,0.47000000000000003,0.9
Estonia,2020-03-17,2.0,0.34,6.43
Estonia,2020-03-18,1.25,0.37,2.49
Estonia,2020-03-19,1.11,0.36,2.07
Estonia,2020-03-20,1.09,0.4,1.93
Estonia,2020-03-21,1.07,0.43,1.83
Estonia,2020-03-22,1.09,0.48,1.79
Estonia,2020-03-23,1.34,0.72,1.97
Estonia,2020-03-24,1.44,0.85,2.05
Estonia,2020-03-25,1.6400000000000001,1.1,2.21
Estonia,2020-03-26,1.69,1.19,2.21
Estonia,2020-03-27,1.61,1.1500000000000001,2.09
Estonia,2020-03-28,1.48,1.05,1.94
Estonia,2020-03-29,1.33,0.91,1.76
Estonia,2020-03-30,1.1300000000000001,0.72,1.56
Estonia,2020-03-31,1.08,0.67,1.5
Estonia,2020-04-01,1.03,0.63,1.46
Estonia,2020-04-02,1.07,0.66,1.48
Estonia,2020-04-03,1.07,0.67,1.48
Estonia,2020-04-04,1.09,0.6900000000000001,1.49
Estonia,2020-04-05,1.08,0.68,1.47
Estonia,2020-04-06,1.03,0.64,1.43
Estonia,2020-04-07,0.9,0.5,1.3
Estonia,2020-04-08,0.8,0.39,1.21
Estonia,2020-04-09,0.66,0.24,1.09
Estonia,2020-04-10,0.59,0.15,1.03
Estonia,2020-04-11,0.54,0.08,0.98
Estonia,2020-04-12,0.6,0.12,1.08
Estonia,2020-04-13,0.73,0.22,1.24
Estonia,2020-04-14,0.84,0.31,1.36
Estonia,2020-04-15,0.87,0.34,1.41
Finland,2020-03-17,2.0,0.34,6.43
Finland,2020-03-18,1.73,0.75,2.75
Finland,2020-03-19,1.73,1.0,2.48
Finland,2020-03-20,1.67,1.08,2.27
Finland,2020-03-21,1.6300000000000001,1.12,2.12
Finland,2020-03-22,1.59,1.16,2.0300000000000002
Finland,2020-03-23,1.5,1.12,1.9000000000000001
Finland,2020-03-24,1.41,1.06,1.78
Finland,2020-03-25,1.34,1.0,1.69
Finland,2020-03-26,1.25,0.92,1.59
Finland,2020-03-27,1.21,0.89,1.54
Finland,2020-03-28,1.1500000000000001,0.8300000000000001,1.47
Finland,2020-03-29,1.05,0.74,1.3800000000000001
Finland,2020-03-30,0.99,0.6900000000000001,1.33
Finland,2020-03-31,0.9400000000000001,0.62,1.26
Finland,2020-04-01,0.97,0.65,1.29
Finland,2020-04-02,1.04,0.72,1.36
Finland,2020-04-03,1.16,0.86,1.49
Finland,2020-04-04,1.27,0.98,1.59
Finland,2020-04-05,1.3800000000000001,1.1,1.68
Finland,2020-04-06,1.4000000000000001,1.1300000000000001,1.68
Finland,2020-04-07,1.4000000000000001,1.1300000000000001,1.6500000000000001
Finland,2020-04-08,1.29,1.05,1.56
Finland,2020-04-09,1.21,0.97,1.46
Finland,2020-04-10,1.06,0.8200000000000001,1.31
Finland,2020-04-11,0.93,0.68,1.17
Finland,2020-04-12,0.8,0.56,1.07
Finland,2020-04-13,0.73,0.47000000000000003,0.99
Finland,2020-04-14,0.67,0.39,0.93
Finland,2020-04-15,0.66,0.39,0.96
France,2020-03-17,2.0,0.34,6.43
France,2020-03-18,1.1,0.91,1.3
France,2020-03-19,1.09,0.96,1.24
France,2020-03-20,1.2,1.09,1.31
France,2020-03-21,1.25,1.16,1.35
France,2020-03-22,1.31,1.23,1.4000000000000001
France,2020-03-23,1.35,1.28,1.43
France,2020-03-24,1.37,1.31,1.44
France,2020-03-25,1.42,1.35,1.48
France,2020-03-26,1.42,1.36,1.48
France,2020-03-27,1.37,1.31,1.42
France,2020-03-28,1.3800000000000001,1.32,1.43
France,2020-03-29,1.35,1.3,1.4000000000000001
France,2020-03-30,1.3,1.25,1.35
France,2020-03-31,1.26,1.21,1.31
France,2020-04-01,1.3900000000000001,1.34,1.44
France,2020-04-02,1.46,1.41,1.5
France,2020-04-03,1.51,1.46,1.54
France,2020-04-04,1.49,1.45,1.53
France,2020-04-05,1.4000000000000001,1.36,1.43
France,2020-04-06,1.3,1.26,1.33
France,2020-04-07,1.2,1.16,1.23
France,2020-04-08,0.99,0.9500000000000001,1.02
France,2020-04-09,0.89,0.85,0.92
France,2020-04-10,0.77,0.73,0.8
France,2020-04-11,0.5700000000000001,0.53,0.61
France,2020-04-12,0.43,0.39,0.47000000000000003
France,2020-04-13,0.29,0.25,0.34
France,2020-04-14,0.13,0.08,0.18
France,2020-04-15,0.05,0.0,0.11
Germany,2020-03-17,2.0,0.34,6.43
Germany,2020-03-18,0.97,0.84,1.12
Germany,2020-03-19,0.97,0.87,1.07
Germany,2020-03-20,0.99,0.91,1.07
Germany,2020-03-21,1.0,0.93,1.07
Germany,2020-03-22,1.04,0.97,1.1
Germany,2020-03-23,1.1,1.04,1.1500000000000001
Germany,2020-03-24,1.17,1.12,1.23
Germany,2020-03-25,1.28,1.23,1.33
Germany,2020-03-26,1.34,1.29,1.3900000000000001
Germany,2020-03-27,1.34,1.29,1.3800000000000001
Germany,2020-03-28,1.3,1.26,1.35
Germany,2020-03-29,1.25,1.2,1.29
Germany,2020-03-30,1.18,1.1400000000000001,1.23
Germany,2020-03-31,1.1300000000000001,1.08,1.16
Germany,2020-04-01,1.06,1.02,1.1
Germany,2020-04-02,1.02,0.97,1.05
Germany,2020-04-03,0.97,0.93,1.01
Germany,2020-04-04,0.93,0.89,0.98
Germany,2020-04-05,0.91,0.86,0.9400000000000001
Germany,2020-04-06,0.89,0.85,0.9400000000000001
Germany,2020-04-07,0.88,0.8300000000000001,0.92
Germany,2020-04-08,0.85,0.81,0.9
Germany,2020-04-09,0.8200000000000001,0.77,0.86
Germany,2020-04-10,0.8,0.75,0.84
Germany,2020-04-11,0.77,0.72,0.8200000000000001
Germany,2020-04-12,0.74,0.6900000000000001,0.79
Germany,2020-04-13,0.71,0.66,0.76
Germany,2020-04-14,0.68,0.62,0.73
Germany,2020-04-15,0.65,0.6,0.71
Greece,2020-03-17,2.0,0.34,6.43
Greece,2020-03-18,1.54,0.53,2.65
Greece,2020-03-19,1.7,0.88,2.56
Greece,2020-03-20,1.71,1.04,2.4
Greece,2020-03-21,1.6600000000000001,1.11,2.2600000000000002
Greece,2020-03-22,1.62,1.12,2.11
Greece,2020-03-23,1.56,1.1300000000000001,2.0100000000000002
Greece,2020-03-24,1.44,1.04,1.86
Greece,2020-03-25,1.41,1.03,1.81
Greece,2020-03-26,1.33,0.96,1.71
Greece,2020-03-27,1.26,0.9,1.62
Greece,2020-03-28,1.22,0.87,1.57
Greece,2020-03-29,1.17,0.84,1.53
Greece,2020-03-30,1.16,0.8200000000000001,1.49
Greece,2020-03-31,1.18,0.86,1.52
Greece,2020-04-01,1.1400000000000001,0.8300000000000001,1.48
Greece,2020-04-02,1.1,0.79,1.43
Greece,2020-04-03,1.02,0.71,1.35
Greece,2020-04-04,0.92,0.59,1.23
Greece,2020-04-05,0.84,0.52,1.18
Greece,2020-04-06,0.75,0.42,1.1
Greece,2020-04-07,0.72,0.37,1.07
Greece,2020-04-08,0.72,0.37,1.1
Greece,2020-04-09,0.73,0.35000000000000003,1.1
Greece,2020-04-10,0.79,0.4,1.17
Greece,2020-04-11,0.81,0.42,1.21
Greece,2020-04-12,0.84,0.44,1.25
Greece,2020-04-13,0.8,0.39,1.22
Greece,2020-04-14,0.71,0.3,1.16
Greece,2020-04-15,0.59,0.15,1.03
Hungary,2020-03-17,2.0,0.34,6.43
Hungary,2020-03-18,1.6400000000000001,0.45,3.23
Hungary,2020-03-19,1.6300000000000001,0.58,2.89
Hungary,2020-03-20,1.67,0.71,2.72
Hungary,2020-03-21,1.67,0.8200000000000001,2.58
Hungary,2020-03-22,1.68,0.91,2.46
Hungary,2020-03-23,1.67,0.99,2.37
Hungary,2020-03-24,1.59,0.92,2.22
Hungary,2020-03-25,1.56,0.96,2.18
Hungary,2020-03-26,1.53,0.97,2.11
Hungary,2020-03-27,1.47,0.93,2.0
Hungary,2020-03-28,1.44,0.9400000000000001,1.96
Hungary,2020-03-29,1.33,0.84,1.81
Hungary,2020-03-30,1.27,0.79,1.73
Hungary,2020-03-31,1.21,0.76,1.68
Hungary,2020-04-01,1.16,0.71,1.61
Hungary,2020-04-02,1.1,0.67,1.56
Hungary,2020-04-03,1.06,0.62,1.5
Hungary,2020-04-04,1.01,0.58,1.46
Hungary,2020-04-05,1.05,0.63,1.51
Hungary,2020-04-06,1.09,0.66,1.53
Hungary,2020-04-07,1.28,0.87,1.71
Hungary,2020-04-08,1.45,1.05,1.84
Hungary,2020-04-09,1.56,1.2,1.94
Hungary,2020-04-10,1.57,1.23,1.92
Hungary,2020-04-11,1.47,1.16,1.81
Hungary,2020-04-12,1.32,1.01,1.6300000000000001
Hungary,2020-04-13,1.19,0.9,1.51
Hungary,2020-04-14,0.99,0.7000000000000001,1.31
Hungary,2020-04-15,0.85,0.54,1.16
Iceland,2020-03-17,2.0,0.34,6.43
Iceland,2020-03-18,1.45,0.61,2.32
Iceland,2020-03-19,1.45,0.8,2.09
Iceland,2020-03-20,1.3,0.77,1.83
Iceland,2020-03-21,1.21,0.76,1.69
Iceland,2020-03-22,1.18,0.78,1.62
Iceland,2020-03-23,1.12,0.75,1.52
Iceland,2020-03-24,1.09,0.73,1.47
Iceland,2020-03-25,1.08,0.71,1.44
Iceland,2020-03-26,1.03,0.68,1.41
Iceland,2020-03-27,1.05,0.68,1.4000000000000001
Iceland,2020-03-28,1.03,0.68,1.4000000000000001
Iceland,2020-03-29,1.0,0.64,1.36
Iceland,2020-03-30,1.03,0.68,1.4000000000000001
Iceland,2020-03-31,1.02,0.68,1.4000000000000001
Iceland,2020-04-01,1.0,0.65,1.37
Iceland,2020-04-02,0.98,0.63,1.35
Iceland,2020-04-03,0.96,0.6,1.32
Iceland,2020-04-04,0.9500000000000001,0.6,1.33
Iceland,2020-04-05,0.92,0.56,1.29
Iceland,2020-04-06,0.84,0.48,1.23
Iceland,2020-04-07,0.78,0.4,1.17
Iceland,2020-04-08,0.67,0.28,1.08
Iceland,2020-04-09,0.5700000000000001,0.16,0.99
Iceland,2020-04-10,0.43,0.04,0.85
Iceland,2020-04-11,0.36,0.0,0.78
Iceland,2020-04-12,0.27,0.0,0.76
Iceland,2020-04-13,0.22,0.0,0.78
Iceland,2020-04-14,0.15,0.0,0.79
Iceland,2020-04-15,0.16,0.0,0.87
Ireland,2020-03-17,2.0,0.34,6.43
Ireland,2020-03-18,1.1400000000000001,0.5700000000000001,1.73
Ireland,2020-03-19,1.06,0.65,1.52
Ireland,2020-03-20,1.06,0.7000000000000001,1.42
Ireland,2020-03-21,1.07,0.76,1.3900000000000001
Ireland,2020-03-22,1.1300000000000001,0.85,1.41
Ireland,2020-03-23,1.16,0.92,1.43
Ireland,2020-03-24,1.23,1.0,1.47
Ireland,2020-03-25,1.3,1.08,1.53
Ireland,2020-03-26,1.33,1.11,1.54
Ireland,2020-03-27,1.33,1.1300000000000001,1.55
Ireland,2020-03-28,1.31,1.12,1.52
Ireland,2020-03-29,1.26,1.07,1.46
Ireland,2020-03-30,1.23,1.05,1.43
Ireland,2020-03-31,1.19,1.02,1.3900000000000001
Ireland,2020-04-01,1.17,0.99,1.35
Ireland,2020-04-02,1.18,1.01,1.36
Ireland,2020-04-03,1.19,1.01,1.35
Ireland,2020-04-04,1.18,1.01,1.35
Ireland,2020-04-05,1.18,1.02,1.35
Ireland,2020-04-06,1.16,1.0,1.32
Ireland,2020-04-07,1.26,1.11,1.42
Ireland,2020-04-08,1.3800000000000001,1.23,1.53
Ireland,2020-04-09,1.47,1.33,1.61
Ireland,2020-04-10,1.54,1.4000000000000001,1.6600000000000001
Ireland,2020-04-11,1.53,1.41,1.6600000000000001
Ireland,2020-04-12,1.49,1.3800000000000001,1.61
Ireland,2020-04-13,1.44,1.34,1.56
Ireland,2020-04-14,1.33,1.22,1.43
Ireland,2020-04-15,1.25,1.1500000000000001,1.36
Italy,2020-03-17,2.0,0.34,6.43
Italy,2020-03-18,1.25,1.1400000000000001,1.36
Italy,2020-03-19,1.21,1.1300000000000001,1.29
Italy,2020-03-20,1.17,1.11,1.24
Italy,2020-03-21,1.1300000000000001,1.08,1.19
Italy,2020-03-22,1.1,1.05,1.1500000000000001
Italy,2020-03-23,1.07,1.03,1.12
Italy,2020-03-24,1.06,1.01,1.1
Italy,2020-03-25,1.03,0.99,1.07
Italy,2020-03-26,1.02,0.98,1.07
Italy,2020-03-27,1.01,0.96,1.04
Italy,2020-03-28,0.98,0.9400000000000001,1.03
Italy,2020-03-29,0.9500000000000001,0.91,1.0
Italy,2020-03-30,0.93,0.88,0.97
Italy,2020-03-31,0.91,0.86,0.9500000000000001
Italy,2020-04-01,0.89,0.85,0.9400000000000001
Italy,2020-04-02,0.88,0.8300000000000001,0.92
Italy,2020-04-03,0.87,0.8200000000000001,0.91
Italy,2020-04-04,0.87,0.8300000000000001,0.92
Italy,2020-04-05,0.88,0.8300000000000001,0.92
Italy,2020-04-06,0.89,0.84,0.93
Italy,2020-04-07,0.9,0.85,0.9500000000000001
Italy,2020-04-08,0.91,0.86,0.96
Italy,2020-04-09,0.92,0.87,0.97
Italy,2020-04-10,0.93,0.88,0.98
Italy,2020-04-11,0.9500000000000001,0.89,0.99
Italy,2020-04-12,0.9500000000000001,0.9,1.0
Italy,2020-04-13,0.9400000000000001,0.89,0.99
Italy,2020-04-14,0.92,0.87,0.97
Italy,2020-04-15,0.88,0.8200000000000001,0.92
Latvia,2020-03-17,2.0,0.34,6.43
Latvia,2020-03-18,1.26,0.35000000000000003,2.52
Latvia,2020-03-19,1.18,0.38,2.17
Latvia,2020-03-20,1.19,0.46,2.07
Latvia,2020-03-21,1.19,0.48,1.94
Latvia,2020-03-22,1.19,0.55,1.9000000000000001
Latvia,2020-03-23,1.19,0.58,1.83
Latvia,2020-03-24,1.11,0.46,1.75
Latvia,2020-03-25,1.18,0.54,1.8
Latvia,2020-03-26,1.23,0.61,1.84
Latvia,2020-03-27,1.21,0.62,1.82
Latvia,2020-03-28,1.2,0.63,1.8
Latvia,2020-03-29,1.21,0.65,1.79
Latvia,2020-03-30,1.16,0.59,1.7
Latvia,2020-03-31,1.1400000000000001,0.6,1.7
Latvia,2020-04-01,1.06,0.52,1.61
Latvia,2020-04-02,0.98,0.44,1.53
Latvia,2020-04-03,0.92,0.38,1.48
Latvia,2020-04-04,0.8200000000000001,0.26,1.37
Latvia,2020-04-05,0.7000000000000001,0.15,1.27
Latvia,2020-04-06,0.68,0.11,1.25
Latvia,2020-04-07,0.63,0.05,1.19
Latvia,2020-04-08,0.67,0.06,1.26
Latvia,2020-04-09,0.74,0.11,1.3800000000000001
Latvia,2020-04-10,0.78,0.13,1.45
Latvia,2020-04-11,0.87,0.18,1.55
Latvia,2020-04-12,0.8300000000000001,0.15,1.53
Latvia,2020-04-13,0.79,0.11,1.49
Latvia,2020-04-14,0.74,0.07,1.44
Latvia,2020-04-15,0.59,0.0,1.27
Lithuania,2020-03-17,2.0,0.34,6.43
Lithuania,2020-03-18,2.64,0.87,4.67
Lithuania,2020-03-19,2.9,1.5,4.32
Lithuania,2020-03-20,2.59,1.53,3.65
Lithuania,2020-03-21,2.35,1.48,3.18
Lithuania,2020-03-22,2.23,1.52,2.94
Lithuania,2020-03-23,2.0100000000000002,1.3900000000000001,2.61
Lithuania,2020-03-24,1.82,1.25,2.36
Lithuania,2020-03-25,1.6300000000000001,1.12,2.15
Lithuania,2020-03-26,1.45,0.96,1.93
Lithuania,2020-03-27,1.34,0.86,1.79
Lithuania,2020-03-28,1.24,0.8,1.71
Lithuania,2020-03-29,1.12,0.67,1.56
Lithuania,2020-03-30,1.08,0.62,1.5
Lithuania,2020-03-31,1.06,0.63,1.51
Lithuania,2020-04-01,1.09,0.66,1.53
Lithuania,2020-04-02,1.1,0.68,1.54
Lithuania,2020-04-03,1.09,0.68,1.53
Lithuania,2020-04-04,1.06,0.64,1.48
Lithuania,2020-04-05,1.01,0.59,1.43
Lithuania,2020-04-06,0.9400000000000001,0.53,1.3800000000000001
Lithuania,2020-04-07,0.89,0.47000000000000003,1.33
Lithuania,2020-04-08,0.8300000000000001,0.4,1.28
Lithuania,2020-04-09,0.78,0.34,1.24
Lithuania,2020-04-10,0.73,0.28,1.21
Lithuania,2020-04-11,0.67,0.18,1.1300000000000001
Lithuania,2020-04-12,0.64,0.14,1.12
Lithuania,2020-04-13,0.6,0.11,1.12
Lithuania,2020-04-14,0.55,0.04,1.05
Lithuania,2020-04-15,0.52,0.02,1.04
Luxembourg,2020-03-17,2.0,0.34,6.43
Luxembourg,2020-03-18,1.62,0.93,2.29
Luxembourg,2020-03-19,1.49,1.01,1.98
Luxembourg,2020-03-20,1.37,0.98,1.77
Luxembourg,2020-03-21,1.34,1.0,1.68
Luxembourg,2020-03-22,1.33,1.03,1.6300000000000001
Luxembourg,2020-03-23,1.3,1.03,1.57
Luxembourg,2020-03-24,1.26,1.01,1.51
Luxembourg,2020-03-25,1.21,0.97,1.46
Luxembourg,2020-03-26,1.16,0.93,1.41
Luxembourg,2020-03-27,1.11,0.87,1.34
Luxembourg,2020-03-28,1.04,0.8,1.27
Luxembourg,2020-03-29,0.9500000000000001,0.71,1.18
Luxembourg,2020-03-30,0.93,0.7000000000000001,1.18
Luxembourg,2020-03-31,0.9,0.66,1.1400000000000001
Luxembourg,2020-04-01,0.87,0.63,1.12
Luxembourg,2020-04-02,0.85,0.61,1.11
Luxembourg,2020-04-03,0.85,0.6,1.11
Luxembourg,2020-04-04,0.8200000000000001,0.56,1.08
Luxembourg,2020-04-05,0.8,0.53,1.06
Luxembourg,2020-04-06,0.75,0.48,1.03
Luxembourg,2020-04-07,0.73,0.45,1.02
Luxembourg,2020-04-08,0.7000000000000001,0.4,0.99
Luxembourg,2020-04-09,0.66,0.36,0.98
Luxembourg,2020-04-10,0.62,0.31,0.96
Luxembourg,2020-04-11,0.58,0.25,0.93
Luxembourg,2020-04-12,0.5700000000000001,0.22,0.9400000000000001
Luxembourg,2020-04-13,0.54,0.16,0.91
Luxembourg,2020-04-14,0.45,0.08,0.85
Luxembourg,2020-04-15,0.44,0.06,0.86
Macedonia,2020-03-17,2.0,0.34,6.43
Macedonia,2020-03-18,1.61,0.46,3.17
Macedonia,2020-03-19,1.69,0.64,2.92
Macedonia,2020-03-20,1.62,0.6900000000000001,2.62
Macedonia,2020-03-21,1.52,0.72,2.41
Macedonia,2020-03-22,1.5,0.77,2.29
Macedonia,2020-03-23,1.44,0.78,2.16
Macedonia,2020-03-24,1.32,0.64,2.02
Macedonia,2020-03-25,1.27,0.6,1.93
Macedonia,2020-03-26,1.1400000000000001,0.5,1.81
Macedonia,2020-03-27,1.08,0.44,1.73
Macedonia,2020-03-28,1.11,0.48,1.76
Macedonia,2020-03-29,1.1,0.48,1.74
Macedonia,2020-03-30,1.1300000000000001,0.51,1.75
Macedonia,2020-03-31,1.19,0.59,1.8
Macedonia,2020-04-01,1.27,0.6900000000000001,1.86
Macedonia,2020-04-02,1.4000000000000001,0.8300000000000001,1.94
Macedonia,2020-04-03,1.42,0.9,1.96
Macedonia,2020-04-04,1.36,0.86,1.87
Macedonia,2020-04-05,1.27,0.79,1.77
Macedonia,2020-04-06,1.17,0.7000000000000001,1.6600000000000001
Macedonia,2020-04-07,1.07,0.61,1.56
Macedonia,2020-04-08,1.01,0.55,1.5
Macedonia,2020-04-09,0.99,0.52,1.47
Macedonia,2020-04-10,1.01,0.55,1.5
Macedonia,2020-04-11,1.04,0.5700000000000001,1.51
Macedonia,2020-04-12,1.11,0.65,1.58
Macedonia,2020-04-13,1.18,0.73,1.6400000000000001
Macedonia,2020-04-14,1.22,0.77,1.6500000000000001
Macedonia,2020-04-15,1.23,0.81,1.67
Malta,2020-03-17,2.0,0.34,6.43
Malta,2020-03-18,1.78,0.48,3.67
Malta,2020-03-19,1.82,0.6,3.2800000000000002
Malta,2020-03-20,1.69,0.64,2.92
Malta,2020-03-21,1.61,0.64,2.65
Malta,2020-03-22,1.56,0.6900000000000001,2.5100000000000002
Malta,2020-03-23,1.41,0.63,2.2800000000000002
Malta,2020-03-24,1.21,0.32,2.07
Malta,2020-03-25,1.1,0.23,1.93
Malta,2020-03-26,0.9500000000000001,0.14,1.78
Malta,2020-03-27,0.79,0.04,1.58
Malta,2020-03-28,0.72,0.0,1.5
Malta,2020-03-29,0.64,0.0,1.47
Malta,2020-03-30,0.8,0.0,1.6300000000000001
Malta,2020-03-31,0.93,0.06,1.82
Malta,2020-04-01,1.0,0.08,1.8900000000000001
Malta,2020-04-02,1.1300000000000001,0.18,2.06
Malta,2020-04-03,1.25,0.31,2.2
Malta,2020-04-04,1.41,0.49,2.33
Malta,2020-04-05,1.47,0.5700000000000001,2.31
Malta,2020-04-06,1.55,0.72,2.35
Malta,2020-04-07,1.56,0.79,2.31
Malta,2020-04-08,1.49,0.77,2.2
Malta,2020-04-09,1.3800000000000001,0.7000000000000001,2.07
Malta,2020-04-10,1.26,0.6,1.92
Malta,2020-04-11,1.03,0.38,1.69
Malta,2020-04-12,0.92,0.27,1.58
Malta,2020-04-13,0.67,0.07,1.31
Malta,2020-04-14,0.47000000000000003,0.0,1.1
Malta,2020-04-15,0.35000000000000003,0.0,1.06
Moldova,2020-03-17,2.0,0.34,6.43
Moldova,2020-03-18,1.8900000000000001,0.54,3.62
Moldova,2020-03-19,1.8,0.65,3.12
Moldova,2020-03-20,1.6500000000000001,0.66,2.74
Moldova,2020-03-21,1.56,0.68,2.5100000000000002
Moldova,2020-03-22,1.5,0.7000000000000001,2.35
Moldova,2020-03-23,1.46,0.72,2.23
Moldova,2020-03-24,1.4000000000000001,0.64,2.18
Moldova,2020-03-25,1.4000000000000001,0.66,2.12
Moldova,2020-03-26,1.36,0.67,2.07
Moldova,2020-03-27,1.3900000000000001,0.72,2.05
Moldova,2020-03-28,1.43,0.8,2.06
Moldova,2020-03-29,1.51,0.9,2.08
Moldova,2020-03-30,1.59,1.04,2.14
Moldova,2020-03-31,1.6500000000000001,1.1500000000000001,2.17
Moldova,2020-04-01,1.74,1.29,2.22
Moldova,2020-04-02,1.77,1.36,2.2
Moldova,2020-04-03,1.75,1.3800000000000001,2.15
Moldova,2020-04-04,1.67,1.33,2.04
Moldova,2020-04-05,1.55,1.23,1.8900000000000001
Moldova,2020-04-06,1.43,1.12,1.74
Moldova,2020-04-07,1.35,1.06,1.6600000000000001
Moldova,2020-04-08,1.24,0.9500000000000001,1.53
Moldova,2020-04-09,1.17,0.89,1.46
Moldova,2020-04-10,1.08,0.8,1.36
Moldova,2020-04-11,1.06,0.79,1.35
Moldova,2020-04-12,1.04,0.78,1.34
Moldova,2020-04-13,1.06,0.79,1.34
Moldova,2020-04-14,1.07,0.8,1.35
Moldova,2020-04-15,1.09,0.8200000000000001,1.36
Montenegro,2020-03-17,2.0,0.34,6.43
Montenegro,2020-03-18,2.17,0.51,4.99
Montenegro,2020-03-19,2.17,0.61,4.33
Montenegro,2020-03-20,1.8900000000000001,0.54,3.62
Montenegro,2020-03-21,2.05,0.72,3.61
Montenegro,2020-03-22,1.95,0.75,3.31
Montenegro,2020-03-23,1.96,0.84,3.16
Montenegro,2020-03-24,1.82,0.62,3.0
Montenegro,2020-03-25,1.68,0.55,2.73
Montenegro,2020-03-26,1.44,0.4,2.44
Montenegro,2020-03-27,1.34,0.36,2.31
Montenegro,2020-03-28,1.1300000000000001,0.2,2.05
Montenegro,2020-03-29,1.06,0.14,1.94
Montenegro,2020-03-30,1.0,0.1,1.86
Montenegro,2020-03-31,1.18,0.25,2.08
Montenegro,2020-04-01,1.34,0.43,2.24
Montenegro,2020-04-02,1.51,0.65,2.37
Montenegro,2020-04-03,1.58,0.77,2.37
Montenegro,2020-04-04,1.5,0.74,2.24
Montenegro,2020-04-05,1.3800000000000001,0.66,2.09
Montenegro,2020-04-06,1.19,0.48,1.87
Montenegro,2020-04-07,0.9400000000000001,0.26,1.6400000000000001
Montenegro,2020-04-08,0.7000000000000001,0.04,1.33
Montenegro,2020-04-09,0.52,0.0,1.18
Montenegro,2020-04-10,0.32,0.0,1.08
Montenegro,2020-04-11,0.24,0.0,1.1
Montenegro,2020-04-12,0.2,0.0,1.16
Montenegro,2020-04-13,0.34,0.0,1.34
Montenegro,2020-04-14,0.58,0.0,1.57
Montenegro,2020-04-15,0.8200000000000001,0.0,1.8
Netherlands,2020-03-17,2.0,0.34,6.43
Netherlands,2020-03-18,1.3900000000000001,1.03,1.77
Netherlands,2020-03-19,1.35,1.1,1.62
Netherlands,2020-03-20,1.32,1.12,1.54
Netherlands,2020-03-21,1.33,1.16,1.52
Netherlands,2020-03-22,1.35,1.19,1.5
Netherlands,2020-03-23,1.37,1.23,1.51
Netherlands,2020-03-24,1.3900000000000001,1.26,1.51
Netherlands,2020-03-25,1.41,1.3,1.54
Netherlands,2020-03-26,1.42,1.32,1.55
Netherlands,2020-03-27,1.41,1.3,1.52
Netherlands,2020-03-28,1.34,1.24,1.45
Netherlands,2020-03-29,1.27,1.17,1.37
Netherlands,2020-03-30,1.19,1.1,1.3
Netherlands,2020-03-31,1.12,1.02,1.21
Netherlands,2020-04-01,1.06,0.96,1.1500000000000001
Netherlands,2020-04-02,1.01,0.92,1.11
Netherlands,2020-04-03,0.99,0.89,1.08
Netherlands,2020-04-04,0.98,0.88,1.07
Netherlands,2020-04-05,0.98,0.88,1.07
Netherlands,2020-04-06,0.99,0.89,1.08
Netherlands,2020-04-07,1.01,0.92,1.11
Netherlands,2020-04-08,1.05,0.9500000000000001,1.1400000000000001
Netherlands,2020-04-09,1.07,0.98,1.17
Netherlands,2020-04-10,1.08,0.99,1.18
Netherlands,2020-04-11,1.09,1.0,1.19
Netherlands,2020-04-12,1.06,0.97,1.1500000000000001
Netherlands,2020-04-13,1.02,0.93,1.11
Netherlands,2020-04-14,0.97,0.87,1.05
Netherlands,2020-04-15,0.9,0.81,1.0
Norway,2020-03-17,2.0,0.34,6.43
Norway,2020-03-18,1.43,0.85,2.05
Norway,2020-03-19,1.45,1.02,1.87
Norway,2020-03-20,1.43,1.1,1.79
Norway,2020-03-21,1.41,1.12,1.7
Norway,2020-03-22,1.3900000000000001,1.1400000000000001,1.6500000000000001
Norway,2020-03-23,1.35,1.1300000000000001,1.59
Norway,2020-03-24,1.33,1.1300000000000001,1.55
Norway,2020-03-25,1.31,1.11,1.51
Norway,2020-03-26,1.27,1.08,1.47
Norway,2020-03-27,1.21,1.03,1.41
Norway,2020-03-28,1.1400000000000001,0.9500000000000001,1.32
Norway,2020-03-29,1.05,0.87,1.24
Norway,2020-03-30,1.0,0.81,1.18
Norway,2020-03-31,0.93,0.74,1.11
Norway,2020-04-01,0.9,0.71,1.09
Norway,2020-04-02,0.85,0.67,1.06
Norway,2020-04-03,0.8300000000000001,0.63,1.02
Norway,2020-04-04,0.8200000000000001,0.62,1.02
Norway,2020-04-05,0.8,0.6,1.01
Norway,2020-04-06,0.78,0.5700000000000001,0.99
Norway,2020-04-07,0.75,0.53,0.97
Norway,2020-04-08,0.68,0.46,0.92
Norway,2020-04-09,0.63,0.4,0.88
Norway,2020-04-10,0.58,0.33,0.8300000000000001
Norway,2020-04-11,0.54,0.27,0.8
Norway,2020-04-12,0.6,0.32,0.88
Norway,2020-04-13,0.63,0.35000000000000003,0.9400000000000001
Norway,2020-04-14,0.67,0.38,0.99
Norway,2020-04-15,0.75,0.44,1.07
Poland,2020-03-17,2.0,0.34,6.43
Poland,2020-03-18,1.77,0.89,2.65
Poland,2020-03-19,1.67,1.05,2.32
Poland,2020-03-20,1.61,1.11,2.13
Poland,2020-03-21,1.57,1.1500000000000001,2.0100000000000002
Poland,2020-03-22,1.58,1.21,1.96
Poland,2020-03-23,1.55,1.22,1.8800000000000001
Poland,2020-03-24,1.52,1.22,1.82
Poland,2020-03-25,1.49,1.22,1.79
Poland,2020-03-26,1.48,1.21,1.74
Poland,2020-03-27,1.45,1.19,1.69
Poland,2020-03-28,1.42,1.19,1.67
Poland,2020-03-29,1.37,1.1500000000000001,1.61
Poland,2020-03-30,1.36,1.1500000000000001,1.59
Poland,2020-03-31,1.37,1.17,1.59
Poland,2020-04-01,1.36,1.17,1.57
Poland,2020-04-02,1.37,1.18,1.56
Poland,2020-04-03,1.36,1.18,1.55
Poland,2020-04-04,1.33,1.1500000000000001,1.5
Poland,2020-04-05,1.3,1.1300000000000001,1.47
Poland,2020-04-06,1.24,1.08,1.41
Poland,2020-04-07,1.18,1.02,1.34
Poland,2020-04-08,1.1500000000000001,0.99,1.31
Poland,2020-04-09,1.07,0.92,1.23
Poland,2020-04-10,1.02,0.87,1.18
Poland,2020-04-11,0.97,0.81,1.12
Poland,2020-04-12,0.93,0.78,1.1
Poland,2020-04-13,0.91,0.75,1.07
Poland,2020-04-14,0.9,0.74,1.06
Poland,2020-04-15,0.88,0.72,1.05
Portugal,2020-03-17,2.0,0.34,6.43
Portugal,2020-03-18,1.74,1.19,2.31
Portugal,2020-03-19,1.69,1.3,2.07
Portugal,2020-03-20,1.68,1.3800000000000001,1.99
Portugal,2020-03-21,1.61,1.36,1.87
Portugal,2020-03-22,1.6400000000000001,1.43,1.87
Portugal,2020-03-23,1.6,1.42,1.81
Portugal,2020-03-24,1.61,1.43,1.77
Portugal,2020-03-25,1.61,1.46,1.78
Portugal,2020-03-26,1.6,1.46,1.76
Portugal,2020-03-27,1.53,1.4000000000000001,1.68
Portugal,2020-03-28,1.5,1.37,1.6300000000000001
Portugal,2020-03-29,1.41,1.29,1.54
Portugal,2020-03-30,1.35,1.24,1.48
Portugal,2020-03-31,1.28,1.17,1.4000000000000001
Portugal,2020-04-01,1.2,1.09,1.31
Portugal,2020-04-02,1.1300000000000001,1.02,1.24
Portugal,2020-04-03,1.07,0.96,1.18
Portugal,2020-04-04,0.99,0.88,1.1
Portugal,2020-04-05,0.9400000000000001,0.84,1.06
Portugal,2020-04-06,0.92,0.81,1.03
Portugal,2020-04-07,0.9500000000000001,0.84,1.06
Portugal,2020-04-08,1.0,0.88,1.1
Portugal,2020-04-09,1.03,0.92,1.1400000000000001
Portugal,2020-04-10,1.05,0.9400000000000001,1.16
Portugal,2020-04-11,1.03,0.92,1.1400000000000001
Portugal,2020-04-12,0.99,0.88,1.1
Portugal,2020-04-13,0.9400000000000001,0.8200000000000001,1.04
Portugal,2020-04-14,0.8300000000000001,0.72,0.9500000000000001
Portugal,2020-04-15,0.79,0.67,0.9
Romania,2020-03-17,2.0,0.34,6.43
Romania,2020-03-18,1.1,0.35000000000000003,2.0
Romania,2020-03-19,1.06,0.43,1.77
Romania,2020-03-20,1.24,0.67,1.86
Romania,2020-03-21,1.51,1.01,2.04
Romania,2020-03-22,1.6500000000000001,1.21,2.08
Romania,2020-03-23,1.72,1.35,2.1
Romania,2020-03-24,1.72,1.4000000000000001,2.06
Romania,2020-03-25,1.71,1.41,2.0100000000000002
Romania,2020-03-26,1.73,1.46,2.0100000000000002
Romania,2020-03-27,1.69,1.45,1.96
Romania,2020-03-28,1.58,1.35,1.82
Romania,2020-03-29,1.49,1.27,1.71
Romania,2020-03-30,1.3800000000000001,1.17,1.59
Romania,2020-03-31,1.3,1.1,1.51
Romania,2020-04-01,1.3,1.11,1.5
Romania,2020-04-02,1.27,1.09,1.47
Romania,2020-04-03,1.24,1.06,1.43
Romania,2020-04-04,1.21,1.04,1.4000000000000001
Romania,2020-04-05,1.16,0.99,1.34
Romania,2020-04-06,1.1500000000000001,0.98,1.33
Romania,2020-04-07,1.12,0.96,1.3
Romania,2020-04-08,1.11,0.9500000000000001,1.29
Romania,2020-04-09,1.11,0.9500000000000001,1.28
Romania,2020-04-10,1.1,0.9500000000000001,1.28
Romania,2020-04-11,1.06,0.9,1.22
Romania,2020-04-12,1.05,0.89,1.21
Romania,2020-04-13,1.02,0.86,1.18
Romania,2020-04-14,1.0,0.85,1.17
Romania,2020-04-15,0.9400000000000001,0.77,1.09
Russia,2020-03-17,2.0,0.34,6.43
Russia,2020-03-18,1.41,0.56,2.41
Russia,2020-03-19,1.34,0.66,2.09
Russia,2020-03-20,1.33,0.75,1.95
Russia,2020-03-21,1.3,0.79,1.83
Russia,2020-03-22,1.3800000000000001,0.91,1.83
Russia,2020-03-23,1.5,1.09,1.9100000000000001
Russia,2020-03-24,1.59,1.23,1.97
Russia,2020-03-25,1.72,1.37,2.04
Russia,2020-03-26,1.79,1.49,2.1
Russia,2020-03-27,1.8,1.53,2.08
Russia,2020-03-28,1.84,1.6,2.1
Russia,2020-03-29,1.81,1.59,2.04
Russia,2020-03-30,1.83,1.6300000000000001,2.04
Russia,2020-03-31,1.8,1.62,1.99
Russia,2020-04-01,1.74,1.58,1.92
Russia,2020-04-02,1.6600000000000001,1.51,1.82
Russia,2020-04-03,1.6,1.47,1.76
Russia,2020-04-04,1.55,1.42,1.69
Russia,2020-04-05,1.54,1.41,1.6600000000000001
Russia,2020-04-06,1.52,1.4000000000000001,1.6400000000000001
Russia,2020-04-07,1.53,1.42,1.6400000000000001
Russia,2020-04-08,1.54,1.44,1.6500000000000001
Russia,2020-04-09,1.56,1.46,1.6500000000000001
Russia,2020-04-10,1.57,1.48,1.6600000000000001
Russia,2020-04-11,1.57,1.49,1.6600000000000001
Russia,2020-04-12,1.57,1.5,1.6600000000000001
Russia,2020-04-13,1.54,1.47,1.62
Russia,2020-04-14,1.49,1.42,1.56
Russia,2020-04-15,1.44,1.3800000000000001,1.51
San Marino,2020-03-17,2.0,0.34,6.43
San Marino,2020-03-18,1.52,0.39,3.21
San Marino,2020-03-19,1.61,0.5,2.95
San Marino,2020-03-20,1.54,0.53,2.65
San Marino,2020-03-21,1.49,0.6,2.5
San Marino,2020-03-22,1.45,0.64,2.37
San Marino,2020-03-23,1.34,0.59,2.16
San Marino,2020-03-24,1.1,0.26,1.93
San Marino,2020-03-25,1.05,0.2,1.84
San Marino,2020-03-26,0.85,0.06,1.61
San Marino,2020-03-27,0.75,0.0,1.48
San Marino,2020-03-28,0.61,0.0,1.41
San Marino,2020-03-29,0.37,0.0,1.28
San Marino,2020-03-30,0.34,0.0,1.34
San Marino,2020-03-31,0.4,0.0,1.46
San Marino,2020-04-01,0.51,0.0,1.61
San Marino,2020-04-02,0.67,0.0,1.79
San Marino,2020-04-03,0.88,0.0,1.98
San Marino,2020-04-04,1.0,0.01,2.1
San Marino,2020-04-05,1.34,0.16,2.49
San Marino,2020-04-06,1.51,0.31,2.63
San Marino,2020-04-07,1.78,0.65,2.84
San Marino,2020-04-08,1.78,0.77,2.77
San Marino,2020-04-09,1.71,0.78,2.61
San Marino,2020-04-10,1.51,0.65,2.37
San Marino,2020-04-11,1.32,0.49,2.13
San Marino,2020-04-12,1.1300000000000001,0.31,1.9000000000000001
San Marino,2020-04-13,0.87,0.1,1.61
San Marino,2020-04-14,0.63,0.0,1.35
San Marino,2020-04-15,0.43,0.0,1.24
Serbia,2020-03-17,2.0,0.34,6.43
Serbia,2020-03-18,1.67,0.5700000000000001,2.95
Serbia,2020-03-19,1.6400000000000001,0.75,2.63
Serbia,2020-03-20,1.57,0.81,2.37
Serbia,2020-03-21,1.54,0.89,2.24
Serbia,2020-03-22,1.57,0.99,2.18
Serbia,2020-03-23,1.49,0.96,2.02
Serbia,2020-03-24,1.44,0.9500000000000001,1.95
Serbia,2020-03-25,1.53,1.07,2.0100000000000002
Serbia,2020-03-26,1.56,1.1300000000000001,2.0
Serbia,2020-03-27,1.59,1.19,2.0
Serbia,2020-03-28,1.57,1.2,1.96
Serbia,2020-03-29,1.51,1.17,1.8800000000000001
Serbia,2020-03-30,1.48,1.16,1.83
Serbia,2020-03-31,1.52,1.22,1.85
Serbia,2020-04-01,1.48,1.19,1.78
Serbia,2020-04-02,1.52,1.24,1.79
Serbia,2020-04-03,1.54,1.29,1.81
Serbia,2020-04-04,1.53,1.29,1.77
Serbia,2020-04-05,1.49,1.27,1.73
Serbia,2020-04-06,1.44,1.23,1.6600000000000001
Serbia,2020-04-07,1.33,1.12,1.53
Serbia,2020-04-08,1.27,1.07,1.47
Serbia,2020-04-09,1.17,0.97,1.36
Serbia,2020-04-10,1.12,0.93,1.32
Serbia,2020-04-11,1.12,0.9400000000000001,1.32
Serbia,2020-04-12,1.17,0.98,1.35
Serbia,2020-04-13,1.21,1.03,1.3900000000000001
Serbia,2020-04-14,1.27,1.1,1.45
Serbia,2020-04-15,1.29,1.12,1.46
Slovakia,2020-03-17,2.0,0.34,6.43
Slovakia,2020-03-18,1.32,0.42,2.52
Slovakia,2020-03-19,1.1,0.35000000000000003,1.98
Slovakia,2020-03-20,1.0,0.35000000000000003,1.77
Slovakia,2020-03-21,0.9400000000000001,0.34,1.6300000000000001
Slovakia,2020-03-22,0.86,0.31,1.5
Slovakia,2020-03-23,0.8300000000000001,0.31,1.44
Slovakia,2020-03-24,0.68,0.06,1.29
Slovakia,2020-03-25,0.72,0.09,1.3800000000000001
Slovakia,2020-03-26,0.9,0.21,1.6
Slovakia,2020-03-27,1.07,0.35000000000000003,1.76
Slovakia,2020-03-28,1.16,0.46,1.85
Slovakia,2020-03-29,1.3,0.64,1.99
Slovakia,2020-03-30,1.36,0.73,2.02
Slovakia,2020-03-31,1.33,0.7000000000000001,1.93
Slovakia,2020-04-01,1.26,0.65,1.84
Slovakia,2020-04-02,1.1400000000000001,0.54,1.71
Slovakia,2020-04-03,1.07,0.48,1.6400000000000001
Slovakia,2020-04-04,1.09,0.51,1.6600000000000001
Slovakia,2020-04-05,1.19,0.64,1.77
Slovakia,2020-04-06,1.28,0.74,1.83
Slovakia,2020-04-07,1.35,0.8300000000000001,1.87
Slovakia,2020-04-08,1.3,0.8,1.8
Slovakia,2020-04-09,1.19,0.71,1.69
Slovakia,2020-04-10,1.05,0.55,1.52
Slovakia,2020-04-11,0.97,0.49,1.47
Slovakia,2020-04-12,0.8300000000000001,0.34,1.34
Slovakia,2020-04-13,0.8200000000000001,0.32,1.34
Slovakia,2020-04-14,0.79,0.28,1.32
Slovakia,2020-04-15,0.87,0.34,1.4000000000000001
Slovenia,2020-03-17,2.0,0.34,6.43
Slovenia,2020-03-18,2.32,0.92,3.83
Slovenia,2020-03-19,2.18,1.1300000000000001,3.25
Slovenia,2020-03-20,1.95,1.12,2.81
Slovenia,2020-03-21,1.78,1.09,2.52
Slovenia,2020-03-22,1.68,1.07,2.32
Slovenia,2020-03-23,1.56,1.02,2.14
Slovenia,2020-03-24,1.48,0.9500000000000001,2.0100000000000002
Slovenia,2020-03-25,1.4000000000000001,0.9,1.9100000000000001
Slovenia,2020-03-26,1.33,0.85,1.82
Slovenia,2020-03-27,1.26,0.8,1.74
Slovenia,2020-03-28,1.21,0.74,1.6500000000000001
Slovenia,2020-03-29,1.12,0.67,1.57
Slovenia,2020-03-30,1.09,0.65,1.54
Slovenia,2020-03-31,1.04,0.61,1.5
Slovenia,2020-04-01,0.99,0.55,1.44
Slovenia,2020-04-02,0.92,0.49,1.3900000000000001
Slovenia,2020-04-03,0.9,0.45,1.36
Slovenia,2020-04-04,0.84,0.39,1.32
Slovenia,2020-04-05,0.8300000000000001,0.35000000000000003,1.29
Slovenia,2020-04-06,0.81,0.34,1.31
Slovenia,2020-04-07,0.8300000000000001,0.35000000000000003,1.34
Slovenia,2020-04-08,0.84,0.35000000000000003,1.36
Slovenia,2020-04-09,0.85,0.35000000000000003,1.3800000000000001
Slovenia,2020-04-10,0.81,0.3,1.35
Slovenia,2020-04-11,0.78,0.25,1.32
Slovenia,2020-04-12,0.75,0.19,1.28
Slovenia,2020-04-13,0.71,0.17,1.29
Slovenia,2020-04-14,0.66,0.11,1.24
Slovenia,2020-04-15,0.6,0.03,1.1500000000000001
Spain,2020-03-17,2.0,0.34,6.43
Spain,2020-03-18,1.4000000000000001,1.25,1.53
Spain,2020-03-19,1.3,1.2,1.4000000000000001
Spain,2020-03-20,1.35,1.27,1.43
Spain,2020-03-21,1.35,1.28,1.42
Spain,2020-03-22,1.43,1.3800000000000001,1.5
Spain,2020-03-23,1.48,1.42,1.52
Spain,2020-03-24,1.5,1.45,1.54
Spain,2020-03-25,1.49,1.45,1.54
Spain,2020-03-26,1.47,1.42,1.5
Spain,2020-03-27,1.3900000000000001,1.35,1.43
Spain,2020-03-28,1.33,1.29,1.37
Spain,2020-03-29,1.23,1.19,1.27
Spain,2020-03-30,1.16,1.12,1.19
Spain,2020-03-31,1.09,1.05,1.12
Spain,2020-04-01,1.04,1.0,1.07
Spain,2020-04-02,0.99,0.9500000000000001,1.02
Spain,2020-04-03,0.9500000000000001,0.91,0.98
Spain,2020-04-04,0.91,0.87,0.9400000000000001
Spain,2020-04-05,0.88,0.84,0.91
Spain,2020-04-06,0.84,0.8,0.88
Spain,2020-04-07,0.81,0.77,0.85
Spain,2020-04-08,0.79,0.75,0.8300000000000001
Spain,2020-04-09,0.78,0.74,0.8200000000000001
Spain,2020-04-10,0.78,0.74,0.8300000000000001
Spain,2020-04-11,0.78,0.73,0.8200000000000001
Spain,2020-04-12,0.77,0.73,0.8200000000000001
Spain,2020-04-13,0.78,0.73,0.8200000000000001
Spain,2020-04-14,0.78,0.73,0.8200000000000001
Spain,2020-04-15,0.79,0.74,0.84
Sweden,2020-03-17,2.0,0.34,6.43
Sweden,2020-03-18,1.25,0.65,1.86
Sweden,2020-03-19,1.25,0.81,1.7
Sweden,2020-03-20,1.18,0.8200000000000001,1.55
Sweden,2020-03-21,1.18,0.86,1.49
Sweden,2020-03-22,1.2,0.92,1.48
Sweden,2020-03-23,1.24,0.99,1.5
Sweden,2020-03-24,1.27,1.04,1.51
Sweden,2020-03-25,1.34,1.12,1.57
Sweden,2020-03-26,1.35,1.1500000000000001,1.58
Sweden,2020-03-27,1.3800000000000001,1.18,1.59
Sweden,2020-03-28,1.37,1.18,1.57
Sweden,2020-03-29,1.3800000000000001,1.19,1.56
Sweden,2020-03-30,1.3900000000000001,1.22,1.58
Sweden,2020-03-31,1.42,1.26,1.6
Sweden,2020-04-01,1.3800000000000001,1.22,1.54
Sweden,2020-04-02,1.34,1.19,1.5
Sweden,2020-04-03,1.27,1.12,1.42
Sweden,2020-04-04,1.2,1.06,1.35
Sweden,2020-04-05,1.1500000000000001,1.01,1.3
Sweden,2020-04-06,1.1300000000000001,0.99,1.27
Sweden,2020-04-07,1.11,0.98,1.26
Sweden,2020-04-08,1.12,0.99,1.26
Sweden,2020-04-09,1.1,0.97,1.24
Sweden,2020-04-10,1.09,0.96,1.23
Sweden,2020-04-11,1.07,0.93,1.19
Sweden,2020-04-12,1.03,0.89,1.1500000000000001
Sweden,2020-04-13,0.98,0.84,1.1
Sweden,2020-04-14,0.93,0.8,1.07
Sweden,2020-04-15,0.88,0.75,1.02
Switzerland,2020-03-17,2.0,0.34,6.43
Switzerland,2020-03-18,1.6500000000000001,1.3900000000000001,1.93
Switzerland,2020-03-19,1.51,1.32,1.69
Switzerland,2020-03-20,1.46,1.31,1.61
Switzerland,2020-03-21,1.3900000000000001,1.26,1.51
Switzerland,2020-03-22,1.34,1.23,1.46
Switzerland,2020-03-23,1.26,1.16,1.36
Switzerland,2020-03-24,1.2,1.11,1.3
Switzerland,2020-03-25,1.11,1.02,1.21
Switzerland,2020-03-26,1.05,0.96,1.1400000000000001
Switzerland,2020-03-27,0.99,0.9,1.09
Switzerland,2020-03-28,0.9500000000000001,0.85,1.04
Switzerland,2020-03-29,0.91,0.8200000000000001,1.01
Switzerland,2020-03-30,0.92,0.8200000000000001,1.01
Switzerland,2020-03-31,0.92,0.8300000000000001,1.02
Switzerland,2020-04-01,0.93,0.8300000000000001,1.02
Switzerland,2020-04-02,0.93,0.84,1.04
Switzerland,2020-04-03,0.9,0.81,1.01
Switzerland,2020-04-04,0.88,0.78,0.98
Switzerland,2020-04-05,0.85,0.74,0.9400000000000001
Switzerland,2020-04-06,0.8300000000000001,0.73,0.9400000000000001
Switzerland,2020-04-07,0.8300000000000001,0.72,0.93
Switzerland,2020-04-08,0.8200000000000001,0.72,0.9400000000000001
Switzerland,2020-04-09,0.81,0.7000000000000001,0.92
Switzerland,2020-04-10,0.79,0.68,0.91
Switzerland,2020-04-11,0.76,0.64,0.88
Switzerland,2020-04-12,0.71,0.58,0.8200000000000001
Switzerland,2020-04-13,0.65,0.52,0.77
Switzerland,2020-04-14,0.59,0.46,0.73
Switzerland,2020-04-15,0.54,0.39,0.67
UK,2020-03-17,2.0,0.34,6.43
UK,2020-03-18,1.5,1.2,1.81
UK,2020-03-19,1.42,1.21,1.6400000000000001
UK,2020-03-20,1.4000000000000001,1.24,1.58
UK,2020-03-21,1.41,1.27,1.56
UK,2020-03-22,1.43,1.3,1.55
UK,2020-03-23,1.48,1.37,1.59
UK,2020-03-24,1.54,1.44,1.6400000000000001
UK,2020-03-25,1.6,1.5,1.68
UK,2020-03-26,1.6400000000000001,1.55,1.72
UK,2020-03-27,1.62,1.55,1.71
UK,2020-03-28,1.57,1.5,1.6500000000000001
UK,2020-03-29,1.54,1.47,1.61
UK,2020-03-30,1.49,1.43,1.56
UK,2020-03-31,1.46,1.4000000000000001,1.52
UK,2020-04-01,1.42,1.36,1.48
UK,2020-04-02,1.3900000000000001,1.34,1.45
UK,2020-04-03,1.35,1.3,1.41
UK,2020-04-04,1.31,1.25,1.35
UK,2020-04-05,1.26,1.21,1.31
UK,2020-04-06,1.21,1.16,1.26
UK,2020-04-07,1.19,1.1500000000000001,1.25
UK,2020-04-08,1.19,1.1400000000000001,1.23
UK,2020-04-09,1.17,1.12,1.21
UK,2020-04-10,1.16,1.12,1.21
UK,2020-04-11,1.1500000000000001,1.1,1.19
UK,2020-04-12,1.11,1.06,1.1500000000000001
UK,2020-04-13,1.08,1.04,1.1300000000000001
UK,2020-04-14,1.01,0.97,1.06
UK,2020-04-15,0.97,0.92,1.01
Ukraine,2020-03-17,2.0,0.34,6.43
Ukraine,2020-03-18,2.87,0.85,5.46
Ukraine,2020-03-19,2.74,1.09,4.5200000000000005
Ukraine,2020-03-20,2.37,1.05,3.74
Ukraine,2020-03-21,2.16,1.03,3.2800000000000002
Ukraine,2020-03-22,2.13,1.17,3.12
Ukraine,2020-03-23,2.15,1.33,3.02
Ukraine,2020-03-24,2.2800000000000002,1.53,3.0100000000000002
Ukraine,2020-03-25,2.19,1.55,2.83
Ukraine,2020-03-26,2.14,1.59,2.7
Ukraine,2020-03-27,2.06,1.57,2.54
Ukraine,2020-03-28,1.92,1.5,2.37
Ukraine,2020-03-29,1.8,1.42,2.21
Ukraine,2020-03-30,1.68,1.32,2.04
Ukraine,2020-03-31,1.57,1.24,1.9100000000000001
Ukraine,2020-04-01,1.52,1.21,1.84
Ukraine,2020-04-02,1.42,1.1300000000000001,1.73
Ukraine,2020-04-03,1.29,1.01,1.59
Ukraine,2020-04-04,1.19,0.91,1.47
Ukraine,2020-04-05,1.11,0.85,1.41
Ukraine,2020-04-06,1.11,0.85,1.4000000000000001
Ukraine,2020-04-07,1.17,0.92,1.46
Ukraine,2020-04-08,1.27,1.02,1.54
Ukraine,2020-04-09,1.4000000000000001,1.1500000000000001,1.6400000000000001
Ukraine,2020-04-10,1.5,1.27,1.73
Ukraine,2020-04-11,1.52,1.3,1.73
Ukraine,2020-04-12,1.52,1.32,1.73
Ukraine,2020-04-13,1.46,1.27,1.6500000000000001
Ukraine,2020-04-14,1.3800000000000001,1.2,1.57
Ukraine,2020-04-15,1.29,1.11,1.46
