state,date,cases
Albania,2020-01-22,0
Albania,2020-01-23,0
Albania,2020-01-24,0
Albania,2020-01-25,0
Albania,2020-01-26,0
Albania,2020-01-27,0
Albania,2020-01-28,0
Albania,2020-01-29,0
Albania,2020-01-30,0
Albania,2020-01-31,0
Albania,2020-02-01,0
Albania,2020-02-02,0
Albania,2020-02-03,0
Albania,2020-02-04,0
Albania,2020-02-05,0
Albania,2020-02-06,0
Albania,2020-02-07,0
Albania,2020-02-08,0
Albania,2020-02-09,0
Albania,2020-02-10,0
Albania,2020-02-11,0
Albania,2020-02-12,0
Albania,2020-02-13,0
Albania,2020-02-14,0
Albania,2020-02-15,0
Albania,2020-02-16,0
Albania,2020-02-17,0
Albania,2020-02-18,0
Albania,2020-02-19,0
Albania,2020-02-20,0
Albania,2020-02-21,0
Albania,2020-02-22,0
Albania,2020-02-23,0
Albania,2020-02-24,0
Albania,2020-02-25,0
Albania,2020-02-26,0
Albania,2020-02-27,0
Albania,2020-02-28,0
Albania,2020-02-29,0
Albania,2020-03-01,0
Albania,2020-03-02,0
Albania,2020-03-03,0
Albania,2020-03-04,0
Albania,2020-03-05,0
Albania,2020-03-06,0
Albania,2020-03-07,0
Albania,2020-03-08,0
Albania,2020-03-09,2
Albania,2020-03-10,10
Albania,2020-03-11,12
Albania,2020-03-12,23
Albania,2020-03-13,33
Albania,2020-03-14,38
Albania,2020-03-15,42
Albania,2020-03-16,51
Albania,2020-03-17,55
Albania,2020-03-18,59
Albania,2020-03-19,64
Albania,2020-03-20,70
Albania,2020-03-21,76
Albania,2020-03-22,89
Albania,2020-03-23,104
Albania,2020-03-24,123
Albania,2020-03-25,146
Albania,2020-03-26,174
Albania,2020-03-27,186
Albania,2020-03-28,197
Albania,2020-03-29,212
Albania,2020-03-30,223
Albania,2020-03-31,243
Albania,2020-04-01,259
Albania,2020-04-02,277
Albania,2020-04-03,304
Albania,2020-04-04,333
Albania,2020-04-05,361
Albania,2020-04-06,377
Albania,2020-04-07,383
Albania,2020-04-08,400
Albania,2020-04-09,409
Albania,2020-04-10,416
Albania,2020-04-11,433
Albania,2020-04-12,446
Albania,2020-04-13,467
Albania,2020-04-14,475
Albania,2020-04-15,494
Albania,2020-04-16,518
Andorra,2020-01-22,0
Andorra,2020-01-23,0
Andorra,2020-01-24,0
Andorra,2020-01-25,0
Andorra,2020-01-26,0
Andorra,2020-01-27,0
Andorra,2020-01-28,0
Andorra,2020-01-29,0
Andorra,2020-01-30,0
Andorra,2020-01-31,0
Andorra,2020-02-01,0
Andorra,2020-02-02,0
Andorra,2020-02-03,0
Andorra,2020-02-04,0
Andorra,2020-02-05,0
Andorra,2020-02-06,0
Andorra,2020-02-07,0
Andorra,2020-02-08,0
Andorra,2020-02-09,0
Andorra,2020-02-10,0
Andorra,2020-02-11,0
Andorra,2020-02-12,0
Andorra,2020-02-13,0
Andorra,2020-02-14,0
Andorra,2020-02-15,0
Andorra,2020-02-16,0
Andorra,2020-02-17,0
Andorra,2020-02-18,0
Andorra,2020-02-19,0
Andorra,2020-02-20,0
Andorra,2020-02-21,0
Andorra,2020-02-22,0
Andorra,2020-02-23,0
Andorra,2020-02-24,0
Andorra,2020-02-25,0
Andorra,2020-02-26,0
Andorra,2020-02-27,0
Andorra,2020-02-28,0
Andorra,2020-02-29,0
Andorra,2020-03-01,0
Andorra,2020-03-02,1
Andorra,2020-03-03,1
Andorra,2020-03-04,1
Andorra,2020-03-05,1
Andorra,2020-03-06,1
Andorra,2020-03-07,1
Andorra,2020-03-08,1
Andorra,2020-03-09,1
Andorra,2020-03-10,1
Andorra,2020-03-11,1
Andorra,2020-03-12,1
Andorra,2020-03-13,1
Andorra,2020-03-14,1
Andorra,2020-03-15,1
Andorra,2020-03-16,2
Andorra,2020-03-17,39
Andorra,2020-03-18,39
Andorra,2020-03-19,53
Andorra,2020-03-20,75
Andorra,2020-03-21,88
Andorra,2020-03-22,113
Andorra,2020-03-23,133
Andorra,2020-03-24,164
Andorra,2020-03-25,188
Andorra,2020-03-26,224
Andorra,2020-03-27,267
Andorra,2020-03-28,308
Andorra,2020-03-29,334
Andorra,2020-03-30,370
Andorra,2020-03-31,376
Andorra,2020-04-01,390
Andorra,2020-04-02,428
Andorra,2020-04-03,439
Andorra,2020-04-04,466
Andorra,2020-04-05,501
Andorra,2020-04-06,525
Andorra,2020-04-07,545
Andorra,2020-04-08,564
Andorra,2020-04-09,583
Andorra,2020-04-10,601
Andorra,2020-04-11,601
Andorra,2020-04-12,638
Andorra,2020-04-13,646
Andorra,2020-04-14,659
Andorra,2020-04-15,673
Andorra,2020-04-16,673
Austria,2020-01-22,0
Austria,2020-01-23,0
Austria,2020-01-24,0
Austria,2020-01-25,0
Austria,2020-01-26,0
Austria,2020-01-27,0
Austria,2020-01-28,0
Austria,2020-01-29,0
Austria,2020-01-30,0
Austria,2020-01-31,0
Austria,2020-02-01,0
Austria,2020-02-02,0
Austria,2020-02-03,0
Austria,2020-02-04,0
Austria,2020-02-05,0
Austria,2020-02-06,0
Austria,2020-02-07,0
Austria,2020-02-08,0
Austria,2020-02-09,0
Austria,2020-02-10,0
Austria,2020-02-11,0
Austria,2020-02-12,0
Austria,2020-02-13,0
Austria,2020-02-14,0
Austria,2020-02-15,0
Austria,2020-02-16,0
Austria,2020-02-17,0
Austria,2020-02-18,0
Austria,2020-02-19,0
Austria,2020-02-20,0
Austria,2020-02-21,0
Austria,2020-02-22,0
Austria,2020-02-23,0
Austria,2020-02-24,0
Austria,2020-02-25,2
Austria,2020-02-26,2
Austria,2020-02-27,3
Austria,2020-02-28,3
Austria,2020-02-29,9
Austria,2020-03-01,14
Austria,2020-03-02,18
Austria,2020-03-03,21
Austria,2020-03-04,29
Austria,2020-03-05,41
Austria,2020-03-06,55
Austria,2020-03-07,79
Austria,2020-03-08,104
Austria,2020-03-09,131
Austria,2020-03-10,182
Austria,2020-03-11,246
Austria,2020-03-12,302
Austria,2020-03-13,504
Austria,2020-03-14,655
Austria,2020-03-15,860
Austria,2020-03-16,1018
Austria,2020-03-17,1332
Austria,2020-03-18,1646
Austria,2020-03-19,2013
Austria,2020-03-20,2388
Austria,2020-03-21,2814
Austria,2020-03-22,3582
Austria,2020-03-23,4474
Austria,2020-03-24,5283
Austria,2020-03-25,5588
Austria,2020-03-26,6909
Austria,2020-03-27,7657
Austria,2020-03-28,8271
Austria,2020-03-29,8788
Austria,2020-03-30,9618
Austria,2020-03-31,10180
Austria,2020-04-01,10711
Austria,2020-04-02,11129
Austria,2020-04-03,11524
Austria,2020-04-04,11781
Austria,2020-04-05,12051
Austria,2020-04-06,12297
Austria,2020-04-07,12639
Austria,2020-04-08,12942
Austria,2020-04-09,13244
Austria,2020-04-10,13555
Austria,2020-04-11,13806
Austria,2020-04-12,13945
Austria,2020-04-13,14041
Austria,2020-04-14,14226
Austria,2020-04-15,14336
Austria,2020-04-16,14476
Belarus,2020-01-22,0
Belarus,2020-01-23,0
Belarus,2020-01-24,0
Belarus,2020-01-25,0
Belarus,2020-01-26,0
Belarus,2020-01-27,0
Belarus,2020-01-28,0
Belarus,2020-01-29,0
Belarus,2020-01-30,0
Belarus,2020-01-31,0
Belarus,2020-02-01,0
Belarus,2020-02-02,0
Belarus,2020-02-03,0
Belarus,2020-02-04,0
Belarus,2020-02-05,0
Belarus,2020-02-06,0
Belarus,2020-02-07,0
Belarus,2020-02-08,0
Belarus,2020-02-09,0
Belarus,2020-02-10,0
Belarus,2020-02-11,0
Belarus,2020-02-12,0
Belarus,2020-02-13,0
Belarus,2020-02-14,0
Belarus,2020-02-15,0
Belarus,2020-02-16,0
Belarus,2020-02-17,0
Belarus,2020-02-18,0
Belarus,2020-02-19,0
Belarus,2020-02-20,0
Belarus,2020-02-21,0
Belarus,2020-02-22,0
Belarus,2020-02-23,0
Belarus,2020-02-24,0
Belarus,2020-02-25,0
Belarus,2020-02-26,0
Belarus,2020-02-27,0
Belarus,2020-02-28,1
Belarus,2020-02-29,1
Belarus,2020-03-01,1
Belarus,2020-03-02,1
Belarus,2020-03-03,1
Belarus,2020-03-04,6
Belarus,2020-03-05,6
Belarus,2020-03-06,6
Belarus,2020-03-07,6
Belarus,2020-03-08,6
Belarus,2020-03-09,6
Belarus,2020-03-10,9
Belarus,2020-03-11,9
Belarus,2020-03-12,12
Belarus,2020-03-13,27
Belarus,2020-03-14,27
Belarus,2020-03-15,27
Belarus,2020-03-16,36
Belarus,2020-03-17,36
Belarus,2020-03-18,51
Belarus,2020-03-19,51
Belarus,2020-03-20,69
Belarus,2020-03-21,76
Belarus,2020-03-22,76
Belarus,2020-03-23,81
Belarus,2020-03-24,81
Belarus,2020-03-25,86
Belarus,2020-03-26,86
Belarus,2020-03-27,94
Belarus,2020-03-28,94
Belarus,2020-03-29,94
Belarus,2020-03-30,152
Belarus,2020-03-31,152
Belarus,2020-04-01,163
Belarus,2020-04-02,304
Belarus,2020-04-03,351
Belarus,2020-04-04,440
Belarus,2020-04-05,562
Belarus,2020-04-06,700
Belarus,2020-04-07,861
Belarus,2020-04-08,1066
Belarus,2020-04-09,1486
Belarus,2020-04-10,1981
Belarus,2020-04-11,2226
Belarus,2020-04-12,2578
Belarus,2020-04-13,2919
Belarus,2020-04-14,3281
Belarus,2020-04-15,3728
Belarus,2020-04-16,4204
Belgium,2020-01-22,0
Belgium,2020-01-23,0
Belgium,2020-01-24,0
Belgium,2020-01-25,0
Belgium,2020-01-26,0
Belgium,2020-01-27,0
Belgium,2020-01-28,0
Belgium,2020-01-29,0
Belgium,2020-01-30,0
Belgium,2020-01-31,0
Belgium,2020-02-01,0
Belgium,2020-02-02,0
Belgium,2020-02-03,0
Belgium,2020-02-04,1
Belgium,2020-02-05,1
Belgium,2020-02-06,1
Belgium,2020-02-07,1
Belgium,2020-02-08,1
Belgium,2020-02-09,1
Belgium,2020-02-10,1
Belgium,2020-02-11,1
Belgium,2020-02-12,1
Belgium,2020-02-13,1
Belgium,2020-02-14,1
Belgium,2020-02-15,1
Belgium,2020-02-16,1
Belgium,2020-02-17,1
Belgium,2020-02-18,1
Belgium,2020-02-19,1
Belgium,2020-02-20,1
Belgium,2020-02-21,1
Belgium,2020-02-22,1
Belgium,2020-02-23,1
Belgium,2020-02-24,1
Belgium,2020-02-25,1
Belgium,2020-02-26,1
Belgium,2020-02-27,1
Belgium,2020-02-28,1
Belgium,2020-02-29,1
Belgium,2020-03-01,2
Belgium,2020-03-02,8
Belgium,2020-03-03,13
Belgium,2020-03-04,23
Belgium,2020-03-05,50
Belgium,2020-03-06,109
Belgium,2020-03-07,169
Belgium,2020-03-08,200
Belgium,2020-03-09,239
Belgium,2020-03-10,267
Belgium,2020-03-11,314
Belgium,2020-03-12,314
Belgium,2020-03-13,559
Belgium,2020-03-14,689
Belgium,2020-03-15,886
Belgium,2020-03-16,1058
Belgium,2020-03-17,1243
Belgium,2020-03-18,1486
Belgium,2020-03-19,1795
Belgium,2020-03-20,2257
Belgium,2020-03-21,2815
Belgium,2020-03-22,3401
Belgium,2020-03-23,3743
Belgium,2020-03-24,4269
Belgium,2020-03-25,4937
Belgium,2020-03-26,6235
Belgium,2020-03-27,7284
Belgium,2020-03-28,9134
Belgium,2020-03-29,10836
Belgium,2020-03-30,11899
Belgium,2020-03-31,12775
Belgium,2020-04-01,13964
Belgium,2020-04-02,15348
Belgium,2020-04-03,16770
Belgium,2020-04-04,18431
Belgium,2020-04-05,19691
Belgium,2020-04-06,20814
Belgium,2020-04-07,22194
Belgium,2020-04-08,23403
Belgium,2020-04-09,24983
Belgium,2020-04-10,26667
Belgium,2020-04-11,28018
Belgium,2020-04-12,29647
Belgium,2020-04-13,30589
Belgium,2020-04-14,31119
Belgium,2020-04-15,33573
Belgium,2020-04-16,34809
Bulgaria,2020-01-22,0
Bulgaria,2020-01-23,0
Bulgaria,2020-01-24,0
Bulgaria,2020-01-25,0
Bulgaria,2020-01-26,0
Bulgaria,2020-01-27,0
Bulgaria,2020-01-28,0
Bulgaria,2020-01-29,0
Bulgaria,2020-01-30,0
Bulgaria,2020-01-31,0
Bulgaria,2020-02-01,0
Bulgaria,2020-02-02,0
Bulgaria,2020-02-03,0
Bulgaria,2020-02-04,0
Bulgaria,2020-02-05,0
Bulgaria,2020-02-06,0
Bulgaria,2020-02-07,0
Bulgaria,2020-02-08,0
Bulgaria,2020-02-09,0
Bulgaria,2020-02-10,0
Bulgaria,2020-02-11,0
Bulgaria,2020-02-12,0
Bulgaria,2020-02-13,0
Bulgaria,2020-02-14,0
Bulgaria,2020-02-15,0
Bulgaria,2020-02-16,0
Bulgaria,2020-02-17,0
Bulgaria,2020-02-18,0
Bulgaria,2020-02-19,0
Bulgaria,2020-02-20,0
Bulgaria,2020-02-21,0
Bulgaria,2020-02-22,0
Bulgaria,2020-02-23,0
Bulgaria,2020-02-24,0
Bulgaria,2020-02-25,0
Bulgaria,2020-02-26,0
Bulgaria,2020-02-27,0
Bulgaria,2020-02-28,0
Bulgaria,2020-02-29,0
Bulgaria,2020-03-01,0
Bulgaria,2020-03-02,0
Bulgaria,2020-03-03,0
Bulgaria,2020-03-04,0
Bulgaria,2020-03-05,0
Bulgaria,2020-03-06,0
Bulgaria,2020-03-07,0
Bulgaria,2020-03-08,4
Bulgaria,2020-03-09,4
Bulgaria,2020-03-10,4
Bulgaria,2020-03-11,7
Bulgaria,2020-03-12,7
Bulgaria,2020-03-13,23
Bulgaria,2020-03-14,41
Bulgaria,2020-03-15,51
Bulgaria,2020-03-16,52
Bulgaria,2020-03-17,67
Bulgaria,2020-03-18,92
Bulgaria,2020-03-19,94
Bulgaria,2020-03-20,127
Bulgaria,2020-03-21,163
Bulgaria,2020-03-22,187
Bulgaria,2020-03-23,201
Bulgaria,2020-03-24,218
Bulgaria,2020-03-25,242
Bulgaria,2020-03-26,264
Bulgaria,2020-03-27,293
Bulgaria,2020-03-28,331
Bulgaria,2020-03-29,346
Bulgaria,2020-03-30,359
Bulgaria,2020-03-31,399
Bulgaria,2020-04-01,422
Bulgaria,2020-04-02,457
Bulgaria,2020-04-03,485
Bulgaria,2020-04-04,503
Bulgaria,2020-04-05,531
Bulgaria,2020-04-06,549
Bulgaria,2020-04-07,577
Bulgaria,2020-04-08,593
Bulgaria,2020-04-09,618
Bulgaria,2020-04-10,635
Bulgaria,2020-04-11,661
Bulgaria,2020-04-12,675
Bulgaria,2020-04-13,685
Bulgaria,2020-04-14,713
Bulgaria,2020-04-15,747
Bulgaria,2020-04-16,800
Croatia,2020-01-22,0
Croatia,2020-01-23,0
Croatia,2020-01-24,0
Croatia,2020-01-25,0
Croatia,2020-01-26,0
Croatia,2020-01-27,0
Croatia,2020-01-28,0
Croatia,2020-01-29,0
Croatia,2020-01-30,0
Croatia,2020-01-31,0
Croatia,2020-02-01,0
Croatia,2020-02-02,0
Croatia,2020-02-03,0
Croatia,2020-02-04,0
Croatia,2020-02-05,0
Croatia,2020-02-06,0
Croatia,2020-02-07,0
Croatia,2020-02-08,0
Croatia,2020-02-09,0
Croatia,2020-02-10,0
Croatia,2020-02-11,0
Croatia,2020-02-12,0
Croatia,2020-02-13,0
Croatia,2020-02-14,0
Croatia,2020-02-15,0
Croatia,2020-02-16,0
Croatia,2020-02-17,0
Croatia,2020-02-18,0
Croatia,2020-02-19,0
Croatia,2020-02-20,0
Croatia,2020-02-21,0
Croatia,2020-02-22,0
Croatia,2020-02-23,0
Croatia,2020-02-24,0
Croatia,2020-02-25,1
Croatia,2020-02-26,3
Croatia,2020-02-27,3
Croatia,2020-02-28,5
Croatia,2020-02-29,6
Croatia,2020-03-01,7
Croatia,2020-03-02,7
Croatia,2020-03-03,9
Croatia,2020-03-04,10
Croatia,2020-03-05,10
Croatia,2020-03-06,11
Croatia,2020-03-07,12
Croatia,2020-03-08,12
Croatia,2020-03-09,12
Croatia,2020-03-10,14
Croatia,2020-03-11,19
Croatia,2020-03-12,19
Croatia,2020-03-13,32
Croatia,2020-03-14,38
Croatia,2020-03-15,49
Croatia,2020-03-16,57
Croatia,2020-03-17,65
Croatia,2020-03-18,81
Croatia,2020-03-19,105
Croatia,2020-03-20,128
Croatia,2020-03-21,206
Croatia,2020-03-22,254
Croatia,2020-03-23,315
Croatia,2020-03-24,382
Croatia,2020-03-25,442
Croatia,2020-03-26,495
Croatia,2020-03-27,586
Croatia,2020-03-28,657
Croatia,2020-03-29,713
Croatia,2020-03-30,790
Croatia,2020-03-31,867
Croatia,2020-04-01,963
Croatia,2020-04-02,1011
Croatia,2020-04-03,1079
Croatia,2020-04-04,1126
Croatia,2020-04-05,1182
Croatia,2020-04-06,1222
Croatia,2020-04-07,1282
Croatia,2020-04-08,1343
Croatia,2020-04-09,1407
Croatia,2020-04-10,1495
Croatia,2020-04-11,1534
Croatia,2020-04-12,1600
Croatia,2020-04-13,1650
Croatia,2020-04-14,1704
Croatia,2020-04-15,1741
Croatia,2020-04-16,1791
Czechia,2020-01-22,0
Czechia,2020-01-23,0
Czechia,2020-01-24,0
Czechia,2020-01-25,0
Czechia,2020-01-26,0
Czechia,2020-01-27,0
Czechia,2020-01-28,0
Czechia,2020-01-29,0
Czechia,2020-01-30,0
Czechia,2020-01-31,0
Czechia,2020-02-01,0
Czechia,2020-02-02,0
Czechia,2020-02-03,0
Czechia,2020-02-04,0
Czechia,2020-02-05,0
Czechia,2020-02-06,0
Czechia,2020-02-07,0
Czechia,2020-02-08,0
Czechia,2020-02-09,0
Czechia,2020-02-10,0
Czechia,2020-02-11,0
Czechia,2020-02-12,0
Czechia,2020-02-13,0
Czechia,2020-02-14,0
Czechia,2020-02-15,0
Czechia,2020-02-16,0
Czechia,2020-02-17,0
Czechia,2020-02-18,0
Czechia,2020-02-19,0
Czechia,2020-02-20,0
Czechia,2020-02-21,0
Czechia,2020-02-22,0
Czechia,2020-02-23,0
Czechia,2020-02-24,0
Czechia,2020-02-25,0
Czechia,2020-02-26,0
Czechia,2020-02-27,0
Czechia,2020-02-28,0
Czechia,2020-02-29,0
Czechia,2020-03-01,3
Czechia,2020-03-02,3
Czechia,2020-03-03,5
Czechia,2020-03-04,8
Czechia,2020-03-05,12
Czechia,2020-03-06,18
Czechia,2020-03-07,19
Czechia,2020-03-08,31
Czechia,2020-03-09,31
Czechia,2020-03-10,41
Czechia,2020-03-11,91
Czechia,2020-03-12,94
Czechia,2020-03-13,141
Czechia,2020-03-14,189
Czechia,2020-03-15,253
Czechia,2020-03-16,298
Czechia,2020-03-17,396
Czechia,2020-03-18,464
Czechia,2020-03-19,694
Czechia,2020-03-20,833
Czechia,2020-03-21,995
Czechia,2020-03-22,1120
Czechia,2020-03-23,1236
Czechia,2020-03-24,1394
Czechia,2020-03-25,1654
Czechia,2020-03-26,1925
Czechia,2020-03-27,2279
Czechia,2020-03-28,2631
Czechia,2020-03-29,2817
Czechia,2020-03-30,3001
Czechia,2020-03-31,3308
Czechia,2020-04-01,3508
Czechia,2020-04-02,3858
Czechia,2020-04-03,4091
Czechia,2020-04-04,4472
Czechia,2020-04-05,4587
Czechia,2020-04-06,4822
Czechia,2020-04-07,5017
Czechia,2020-04-08,5312
Czechia,2020-04-09,5569
Czechia,2020-04-10,5732
Czechia,2020-04-11,5831
Czechia,2020-04-12,5991
Czechia,2020-04-13,6059
Czechia,2020-04-14,6111
Czechia,2020-04-15,6216
Czechia,2020-04-16,6433
Denmark,2020-01-22,0
Denmark,2020-01-23,0
Denmark,2020-01-24,0
Denmark,2020-01-25,0
Denmark,2020-01-26,0
Denmark,2020-01-27,0
Denmark,2020-01-28,0
Denmark,2020-01-29,0
Denmark,2020-01-30,0
Denmark,2020-01-31,0
Denmark,2020-02-01,0
Denmark,2020-02-02,0
Denmark,2020-02-03,0
Denmark,2020-02-04,0
Denmark,2020-02-05,0
Denmark,2020-02-06,0
Denmark,2020-02-07,0
Denmark,2020-02-08,0
Denmark,2020-02-09,0
Denmark,2020-02-10,0
Denmark,2020-02-11,0
Denmark,2020-02-12,0
Denmark,2020-02-13,0
Denmark,2020-02-14,0
Denmark,2020-02-15,0
Denmark,2020-02-16,0
Denmark,2020-02-17,0
Denmark,2020-02-18,0
Denmark,2020-02-19,0
Denmark,2020-02-20,0
Denmark,2020-02-21,0
Denmark,2020-02-22,0
Denmark,2020-02-23,0
Denmark,2020-02-24,0
Denmark,2020-02-25,0
Denmark,2020-02-26,0
Denmark,2020-02-27,1
Denmark,2020-02-28,1
Denmark,2020-02-29,3
Denmark,2020-03-01,4
Denmark,2020-03-02,4
Denmark,2020-03-03,6
Denmark,2020-03-04,11
Denmark,2020-03-05,11
Denmark,2020-03-06,24
Denmark,2020-03-07,24
Denmark,2020-03-08,37
Denmark,2020-03-09,92
Denmark,2020-03-10,264
Denmark,2020-03-11,444
Denmark,2020-03-12,617
Denmark,2020-03-13,804
Denmark,2020-03-14,836
Denmark,2020-03-15,875
Denmark,2020-03-16,933
Denmark,2020-03-17,1025
Denmark,2020-03-18,1116
Denmark,2020-03-19,1225
Denmark,2020-03-20,1337
Denmark,2020-03-21,1420
Denmark,2020-03-22,1514
Denmark,2020-03-23,1572
Denmark,2020-03-24,1718
Denmark,2020-03-25,1862
Denmark,2020-03-26,2023
Denmark,2020-03-27,2200
Denmark,2020-03-28,2366
Denmark,2020-03-29,2564
Denmark,2020-03-30,2755
Denmark,2020-03-31,3039
Denmark,2020-04-01,3290
Denmark,2020-04-02,3573
Denmark,2020-04-03,3946
Denmark,2020-04-04,4269
Denmark,2020-04-05,4561
Denmark,2020-04-06,4875
Denmark,2020-04-07,5266
Denmark,2020-04-08,5597
Denmark,2020-04-09,5830
Denmark,2020-04-10,6014
Denmark,2020-04-11,6191
Denmark,2020-04-12,6369
Denmark,2020-04-13,6513
Denmark,2020-04-14,6706
Denmark,2020-04-15,6876
Denmark,2020-04-16,7074
Estonia,2020-01-22,0
Estonia,2020-01-23,0
Estonia,2020-01-24,0
Estonia,2020-01-25,0
Estonia,2020-01-26,0
Estonia,2020-01-27,0
Estonia,2020-01-28,0
Estonia,2020-01-29,0
Estonia,2020-01-30,0
Estonia,2020-01-31,0
Estonia,2020-02-01,0
Estonia,2020-02-02,0
Estonia,2020-02-03,0
Estonia,2020-02-04,0
Estonia,2020-02-05,0
Estonia,2020-02-06,0
Estonia,2020-02-07,0
Estonia,2020-02-08,0
Estonia,2020-02-09,0
Estonia,2020-02-10,0
Estonia,2020-02-11,0
Estonia,2020-02-12,0
Estonia,2020-02-13,0
Estonia,2020-02-14,0
Estonia,2020-02-15,0
Estonia,2020-02-16,0
Estonia,2020-02-17,0
Estonia,2020-02-18,0
Estonia,2020-02-19,0
Estonia,2020-02-20,0
Estonia,2020-02-21,0
Estonia,2020-02-22,0
Estonia,2020-02-23,0
Estonia,2020-02-24,0
Estonia,2020-02-25,0
Estonia,2020-02-26,0
Estonia,2020-02-27,1
Estonia,2020-02-28,1
Estonia,2020-02-29,1
Estonia,2020-03-01,1
Estonia,2020-03-02,1
Estonia,2020-03-03,2
Estonia,2020-03-04,2
Estonia,2020-03-05,3
Estonia,2020-03-06,10
Estonia,2020-03-07,10
Estonia,2020-03-08,10
Estonia,2020-03-09,10
Estonia,2020-03-10,12
Estonia,2020-03-11,16
Estonia,2020-03-12,16
Estonia,2020-03-13,79
Estonia,2020-03-14,115
Estonia,2020-03-15,171
Estonia,2020-03-16,205
Estonia,2020-03-17,225
Estonia,2020-03-18,258
Estonia,2020-03-19,267
Estonia,2020-03-20,283
Estonia,2020-03-21,306
Estonia,2020-03-22,326
Estonia,2020-03-23,352
Estonia,2020-03-24,369
Estonia,2020-03-25,404
Estonia,2020-03-26,538
Estonia,2020-03-27,575
Estonia,2020-03-28,645
Estonia,2020-03-29,679
Estonia,2020-03-30,715
Estonia,2020-03-31,745
Estonia,2020-04-01,779
Estonia,2020-04-02,858
Estonia,2020-04-03,961
Estonia,2020-04-04,1039
Estonia,2020-04-05,1097
Estonia,2020-04-06,1108
Estonia,2020-04-07,1149
Estonia,2020-04-08,1185
Estonia,2020-04-09,1207
Estonia,2020-04-10,1258
Estonia,2020-04-11,1304
Estonia,2020-04-12,1309
Estonia,2020-04-13,1332
Estonia,2020-04-14,1373
Estonia,2020-04-15,1400
Estonia,2020-04-16,1434
Finland,2020-01-22,0
Finland,2020-01-23,0
Finland,2020-01-24,0
Finland,2020-01-25,0
Finland,2020-01-26,0
Finland,2020-01-27,0
Finland,2020-01-28,0
Finland,2020-01-29,1
Finland,2020-01-30,1
Finland,2020-01-31,1
Finland,2020-02-01,1
Finland,2020-02-02,1
Finland,2020-02-03,1
Finland,2020-02-04,1
Finland,2020-02-05,1
Finland,2020-02-06,1
Finland,2020-02-07,1
Finland,2020-02-08,1
Finland,2020-02-09,1
Finland,2020-02-10,1
Finland,2020-02-11,1
Finland,2020-02-12,1
Finland,2020-02-13,1
Finland,2020-02-14,1
Finland,2020-02-15,1
Finland,2020-02-16,1
Finland,2020-02-17,1
Finland,2020-02-18,1
Finland,2020-02-19,1
Finland,2020-02-20,1
Finland,2020-02-21,1
Finland,2020-02-22,1
Finland,2020-02-23,1
Finland,2020-02-24,1
Finland,2020-02-25,1
Finland,2020-02-26,2
Finland,2020-02-27,2
Finland,2020-02-28,2
Finland,2020-02-29,3
Finland,2020-03-01,6
Finland,2020-03-02,6
Finland,2020-03-03,6
Finland,2020-03-04,6
Finland,2020-03-05,12
Finland,2020-03-06,15
Finland,2020-03-07,15
Finland,2020-03-08,23
Finland,2020-03-09,30
Finland,2020-03-10,40
Finland,2020-03-11,59
Finland,2020-03-12,59
Finland,2020-03-13,155
Finland,2020-03-14,225
Finland,2020-03-15,244
Finland,2020-03-16,277
Finland,2020-03-17,321
Finland,2020-03-18,336
Finland,2020-03-19,400
Finland,2020-03-20,450
Finland,2020-03-21,523
Finland,2020-03-22,626
Finland,2020-03-23,700
Finland,2020-03-24,792
Finland,2020-03-25,880
Finland,2020-03-26,958
Finland,2020-03-27,1041
Finland,2020-03-28,1167
Finland,2020-03-29,1240
Finland,2020-03-30,1352
Finland,2020-03-31,1418
Finland,2020-04-01,1446
Finland,2020-04-02,1518
Finland,2020-04-03,1615
Finland,2020-04-04,1882
Finland,2020-04-05,1927
Finland,2020-04-06,2176
Finland,2020-04-07,2308
Finland,2020-04-08,2487
Finland,2020-04-09,2605
Finland,2020-04-10,2769
Finland,2020-04-11,2905
Finland,2020-04-12,2974
Finland,2020-04-13,3064
Finland,2020-04-14,3161
Finland,2020-04-15,3237
Finland,2020-04-16,3369
France,2020-01-22,0
France,2020-01-23,0
France,2020-01-24,2
France,2020-01-25,3
France,2020-01-26,3
France,2020-01-27,3
France,2020-01-28,4
France,2020-01-29,5
France,2020-01-30,5
France,2020-01-31,5
France,2020-02-01,6
France,2020-02-02,6
France,2020-02-03,6
France,2020-02-04,6
France,2020-02-05,6
France,2020-02-06,6
France,2020-02-07,6
France,2020-02-08,11
France,2020-02-09,11
France,2020-02-10,11
France,2020-02-11,11
France,2020-02-12,11
France,2020-02-13,11
France,2020-02-14,11
France,2020-02-15,12
France,2020-02-16,12
France,2020-02-17,12
France,2020-02-18,12
France,2020-02-19,12
France,2020-02-20,12
France,2020-02-21,12
France,2020-02-22,12
France,2020-02-23,12
France,2020-02-24,12
France,2020-02-25,14
France,2020-02-26,18
France,2020-02-27,38
France,2020-02-28,57
France,2020-02-29,100
France,2020-03-01,130
France,2020-03-02,191
France,2020-03-03,204
France,2020-03-04,288
France,2020-03-05,380
France,2020-03-06,656
France,2020-03-07,959
France,2020-03-08,1136
France,2020-03-09,1219
France,2020-03-10,1794
France,2020-03-11,2293
France,2020-03-12,2293
France,2020-03-13,3681
France,2020-03-14,4496
France,2020-03-15,4532
France,2020-03-16,6683
France,2020-03-17,7715
France,2020-03-18,9124
France,2020-03-19,10970
France,2020-03-20,12758
France,2020-03-21,14463
France,2020-03-22,16243
France,2020-03-23,20123
France,2020-03-24,22622
France,2020-03-25,25600
France,2020-03-26,29551
France,2020-03-27,33402
France,2020-03-28,38105
France,2020-03-29,40708
France,2020-03-30,45170
France,2020-03-31,52827
France,2020-04-01,57749
France,2020-04-02,59929
France,2020-04-03,65202
France,2020-04-04,69500
France,2020-04-05,71412
France,2020-04-06,75343
France,2020-04-07,79163
France,2020-04-08,83057
France,2020-04-09,87366
France,2020-04-10,91738
France,2020-04-11,94863
France,2020-04-12,121712
France,2020-04-13,125394
France,2020-04-14,131361
France,2020-04-15,134582
France,2020-04-16,147091
Germany,2020-01-22,0
Germany,2020-01-23,0
Germany,2020-01-24,0
Germany,2020-01-25,0
Germany,2020-01-26,0
Germany,2020-01-27,1
Germany,2020-01-28,4
Germany,2020-01-29,4
Germany,2020-01-30,4
Germany,2020-01-31,5
Germany,2020-02-01,8
Germany,2020-02-02,10
Germany,2020-02-03,12
Germany,2020-02-04,12
Germany,2020-02-05,12
Germany,2020-02-06,12
Germany,2020-02-07,13
Germany,2020-02-08,13
Germany,2020-02-09,14
Germany,2020-02-10,14
Germany,2020-02-11,16
Germany,2020-02-12,16
Germany,2020-02-13,16
Germany,2020-02-14,16
Germany,2020-02-15,16
Germany,2020-02-16,16
Germany,2020-02-17,16
Germany,2020-02-18,16
Germany,2020-02-19,16
Germany,2020-02-20,16
Germany,2020-02-21,16
Germany,2020-02-22,16
Germany,2020-02-23,16
Germany,2020-02-24,16
Germany,2020-02-25,17
Germany,2020-02-26,27
Germany,2020-02-27,46
Germany,2020-02-28,48
Germany,2020-02-29,79
Germany,2020-03-01,130
Germany,2020-03-02,159
Germany,2020-03-03,196
Germany,2020-03-04,262
Germany,2020-03-05,482
Germany,2020-03-06,670
Germany,2020-03-07,799
Germany,2020-03-08,1040
Germany,2020-03-09,1176
Germany,2020-03-10,1457
Germany,2020-03-11,1908
Germany,2020-03-12,2078
Germany,2020-03-13,3675
Germany,2020-03-14,4585
Germany,2020-03-15,5795
Germany,2020-03-16,7272
Germany,2020-03-17,9257
Germany,2020-03-18,12327
Germany,2020-03-19,15320
Germany,2020-03-20,19848
Germany,2020-03-21,22213
Germany,2020-03-22,24873
Germany,2020-03-23,29056
Germany,2020-03-24,32986
Germany,2020-03-25,37323
Germany,2020-03-26,43938
Germany,2020-03-27,50871
Germany,2020-03-28,57695
Germany,2020-03-29,62095
Germany,2020-03-30,66885
Germany,2020-03-31,71808
Germany,2020-04-01,77872
Germany,2020-04-02,84794
Germany,2020-04-03,91159
Germany,2020-04-04,96092
Germany,2020-04-05,100123
Germany,2020-04-06,103374
Germany,2020-04-07,107663
Germany,2020-04-08,113296
Germany,2020-04-09,118181
Germany,2020-04-10,122171
Germany,2020-04-11,124908
Germany,2020-04-12,127854
Germany,2020-04-13,130072
Germany,2020-04-14,131359
Germany,2020-04-15,134753
Germany,2020-04-16,137698
Greece,2020-01-22,0
Greece,2020-01-23,0
Greece,2020-01-24,0
Greece,2020-01-25,0
Greece,2020-01-26,0
Greece,2020-01-27,0
Greece,2020-01-28,0
Greece,2020-01-29,0
Greece,2020-01-30,0
Greece,2020-01-31,0
Greece,2020-02-01,0
Greece,2020-02-02,0
Greece,2020-02-03,0
Greece,2020-02-04,0
Greece,2020-02-05,0
Greece,2020-02-06,0
Greece,2020-02-07,0
Greece,2020-02-08,0
Greece,2020-02-09,0
Greece,2020-02-10,0
Greece,2020-02-11,0
Greece,2020-02-12,0
Greece,2020-02-13,0
Greece,2020-02-14,0
Greece,2020-02-15,0
Greece,2020-02-16,0
Greece,2020-02-17,0
Greece,2020-02-18,0
Greece,2020-02-19,0
Greece,2020-02-20,0
Greece,2020-02-21,0
Greece,2020-02-22,0
Greece,2020-02-23,0
Greece,2020-02-24,0
Greece,2020-02-25,0
Greece,2020-02-26,1
Greece,2020-02-27,3
Greece,2020-02-28,4
Greece,2020-02-29,4
Greece,2020-03-01,7
Greece,2020-03-02,7
Greece,2020-03-03,7
Greece,2020-03-04,9
Greece,2020-03-05,31
Greece,2020-03-06,45
Greece,2020-03-07,46
Greece,2020-03-08,73
Greece,2020-03-09,73
Greece,2020-03-10,89
Greece,2020-03-11,99
Greece,2020-03-12,99
Greece,2020-03-13,190
Greece,2020-03-14,228
Greece,2020-03-15,331
Greece,2020-03-16,331
Greece,2020-03-17,387
Greece,2020-03-18,418
Greece,2020-03-19,418
Greece,2020-03-20,495
Greece,2020-03-21,530
Greece,2020-03-22,624
Greece,2020-03-23,695
Greece,2020-03-24,743
Greece,2020-03-25,821
Greece,2020-03-26,892
Greece,2020-03-27,966
Greece,2020-03-28,1061
Greece,2020-03-29,1156
Greece,2020-03-30,1212
Greece,2020-03-31,1314
Greece,2020-04-01,1415
Greece,2020-04-02,1544
Greece,2020-04-03,1613
Greece,2020-04-04,1673
Greece,2020-04-05,1735
Greece,2020-04-06,1755
Greece,2020-04-07,1832
Greece,2020-04-08,1884
Greece,2020-04-09,1955
Greece,2020-04-10,2011
Greece,2020-04-11,2081
Greece,2020-04-12,2114
Greece,2020-04-13,2145
Greece,2020-04-14,2170
Greece,2020-04-15,2192
Greece,2020-04-16,2207
Holy See,2020-01-22,0
Holy See,2020-01-23,0
Holy See,2020-01-24,0
Holy See,2020-01-25,0
Holy See,2020-01-26,0
Holy See,2020-01-27,0
Holy See,2020-01-28,0
Holy See,2020-01-29,0
Holy See,2020-01-30,0
Holy See,2020-01-31,0
Holy See,2020-02-01,0
Holy See,2020-02-02,0
Holy See,2020-02-03,0
Holy See,2020-02-04,0
Holy See,2020-02-05,0
Holy See,2020-02-06,0
Holy See,2020-02-07,0
Holy See,2020-02-08,0
Holy See,2020-02-09,0
Holy See,2020-02-10,0
Holy See,2020-02-11,0
Holy See,2020-02-12,0
Holy See,2020-02-13,0
Holy See,2020-02-14,0
Holy See,2020-02-15,0
Holy See,2020-02-16,0
Holy See,2020-02-17,0
Holy See,2020-02-18,0
Holy See,2020-02-19,0
Holy See,2020-02-20,0
Holy See,2020-02-21,0
Holy See,2020-02-22,0
Holy See,2020-02-23,0
Holy See,2020-02-24,0
Holy See,2020-02-25,0
Holy See,2020-02-26,0
Holy See,2020-02-27,0
Holy See,2020-02-28,0
Holy See,2020-02-29,0
Holy See,2020-03-01,0
Holy See,2020-03-02,0
Holy See,2020-03-03,0
Holy See,2020-03-04,0
Holy See,2020-03-05,0
Holy See,2020-03-06,1
Holy See,2020-03-07,1
Holy See,2020-03-08,1
Holy See,2020-03-09,1
Holy See,2020-03-10,1
Holy See,2020-03-11,1
Holy See,2020-03-12,1
Holy See,2020-03-13,1
Holy See,2020-03-14,1
Holy See,2020-03-15,1
Holy See,2020-03-16,1
Holy See,2020-03-17,1
Holy See,2020-03-18,1
Holy See,2020-03-19,1
Holy See,2020-03-20,1
Holy See,2020-03-21,1
Holy See,2020-03-22,1
Holy See,2020-03-23,1
Holy See,2020-03-24,4
Holy See,2020-03-25,4
Holy See,2020-03-26,4
Holy See,2020-03-27,4
Holy See,2020-03-28,6
Holy See,2020-03-29,6
Holy See,2020-03-30,6
Holy See,2020-03-31,6
Holy See,2020-04-01,6
Holy See,2020-04-02,7
Holy See,2020-04-03,7
Holy See,2020-04-04,7
Holy See,2020-04-05,7
Holy See,2020-04-06,7
Holy See,2020-04-07,7
Holy See,2020-04-08,8
Holy See,2020-04-09,8
Holy See,2020-04-10,8
Holy See,2020-04-11,8
Holy See,2020-04-12,8
Holy See,2020-04-13,8
Holy See,2020-04-14,8
Holy See,2020-04-15,8
Holy See,2020-04-16,8
Hungary,2020-01-22,0
Hungary,2020-01-23,0
Hungary,2020-01-24,0
Hungary,2020-01-25,0
Hungary,2020-01-26,0
Hungary,2020-01-27,0
Hungary,2020-01-28,0
Hungary,2020-01-29,0
Hungary,2020-01-30,0
Hungary,2020-01-31,0
Hungary,2020-02-01,0
Hungary,2020-02-02,0
Hungary,2020-02-03,0
Hungary,2020-02-04,0
Hungary,2020-02-05,0
Hungary,2020-02-06,0
Hungary,2020-02-07,0
Hungary,2020-02-08,0
Hungary,2020-02-09,0
Hungary,2020-02-10,0
Hungary,2020-02-11,0
Hungary,2020-02-12,0
Hungary,2020-02-13,0
Hungary,2020-02-14,0
Hungary,2020-02-15,0
Hungary,2020-02-16,0
Hungary,2020-02-17,0
Hungary,2020-02-18,0
Hungary,2020-02-19,0
Hungary,2020-02-20,0
Hungary,2020-02-21,0
Hungary,2020-02-22,0
Hungary,2020-02-23,0
Hungary,2020-02-24,0
Hungary,2020-02-25,0
Hungary,2020-02-26,0
Hungary,2020-02-27,0
Hungary,2020-02-28,0
Hungary,2020-02-29,0
Hungary,2020-03-01,0
Hungary,2020-03-02,0
Hungary,2020-03-03,0
Hungary,2020-03-04,2
Hungary,2020-03-05,2
Hungary,2020-03-06,2
Hungary,2020-03-07,4
Hungary,2020-03-08,7
Hungary,2020-03-09,9
Hungary,2020-03-10,9
Hungary,2020-03-11,13
Hungary,2020-03-12,13
Hungary,2020-03-13,19
Hungary,2020-03-14,30
Hungary,2020-03-15,32
Hungary,2020-03-16,39
Hungary,2020-03-17,50
Hungary,2020-03-18,58
Hungary,2020-03-19,73
Hungary,2020-03-20,85
Hungary,2020-03-21,103
Hungary,2020-03-22,131
Hungary,2020-03-23,167
Hungary,2020-03-24,187
Hungary,2020-03-25,226
Hungary,2020-03-26,261
Hungary,2020-03-27,300
Hungary,2020-03-28,343
Hungary,2020-03-29,408
Hungary,2020-03-30,447
Hungary,2020-03-31,492
Hungary,2020-04-01,525
Hungary,2020-04-02,585
Hungary,2020-04-03,623
Hungary,2020-04-04,678
Hungary,2020-04-05,733
Hungary,2020-04-06,744
Hungary,2020-04-07,817
Hungary,2020-04-08,895
Hungary,2020-04-09,980
Hungary,2020-04-10,1190
Hungary,2020-04-11,1310
Hungary,2020-04-12,1410
Hungary,2020-04-13,1458
Hungary,2020-04-14,1512
Hungary,2020-04-15,1579
Hungary,2020-04-16,1652
Iceland,2020-01-22,0
Iceland,2020-01-23,0
Iceland,2020-01-24,0
Iceland,2020-01-25,0
Iceland,2020-01-26,0
Iceland,2020-01-27,0
Iceland,2020-01-28,0
Iceland,2020-01-29,0
Iceland,2020-01-30,0
Iceland,2020-01-31,0
Iceland,2020-02-01,0
Iceland,2020-02-02,0
Iceland,2020-02-03,0
Iceland,2020-02-04,0
Iceland,2020-02-05,0
Iceland,2020-02-06,0
Iceland,2020-02-07,0
Iceland,2020-02-08,0
Iceland,2020-02-09,0
Iceland,2020-02-10,0
Iceland,2020-02-11,0
Iceland,2020-02-12,0
Iceland,2020-02-13,0
Iceland,2020-02-14,0
Iceland,2020-02-15,0
Iceland,2020-02-16,0
Iceland,2020-02-17,0
Iceland,2020-02-18,0
Iceland,2020-02-19,0
Iceland,2020-02-20,0
Iceland,2020-02-21,0
Iceland,2020-02-22,0
Iceland,2020-02-23,0
Iceland,2020-02-24,0
Iceland,2020-02-25,0
Iceland,2020-02-26,0
Iceland,2020-02-27,0
Iceland,2020-02-28,1
Iceland,2020-02-29,1
Iceland,2020-03-01,3
Iceland,2020-03-02,6
Iceland,2020-03-03,11
Iceland,2020-03-04,26
Iceland,2020-03-05,34
Iceland,2020-03-06,43
Iceland,2020-03-07,50
Iceland,2020-03-08,50
Iceland,2020-03-09,58
Iceland,2020-03-10,69
Iceland,2020-03-11,85
Iceland,2020-03-12,103
Iceland,2020-03-13,134
Iceland,2020-03-14,156
Iceland,2020-03-15,171
Iceland,2020-03-16,180
Iceland,2020-03-17,220
Iceland,2020-03-18,250
Iceland,2020-03-19,330
Iceland,2020-03-20,409
Iceland,2020-03-21,473
Iceland,2020-03-22,568
Iceland,2020-03-23,588
Iceland,2020-03-24,648
Iceland,2020-03-25,737
Iceland,2020-03-26,802
Iceland,2020-03-27,890
Iceland,2020-03-28,963
Iceland,2020-03-29,1020
Iceland,2020-03-30,1086
Iceland,2020-03-31,1135
Iceland,2020-04-01,1220
Iceland,2020-04-02,1319
Iceland,2020-04-03,1364
Iceland,2020-04-04,1417
Iceland,2020-04-05,1486
Iceland,2020-04-06,1562
Iceland,2020-04-07,1586
Iceland,2020-04-08,1616
Iceland,2020-04-09,1648
Iceland,2020-04-10,1675
Iceland,2020-04-11,1689
Iceland,2020-04-12,1701
Iceland,2020-04-13,1711
Iceland,2020-04-14,1720
Iceland,2020-04-15,1727
Iceland,2020-04-16,1739
Ireland,2020-01-22,0
Ireland,2020-01-23,0
Ireland,2020-01-24,0
Ireland,2020-01-25,0
Ireland,2020-01-26,0
Ireland,2020-01-27,0
Ireland,2020-01-28,0
Ireland,2020-01-29,0
Ireland,2020-01-30,0
Ireland,2020-01-31,0
Ireland,2020-02-01,0
Ireland,2020-02-02,0
Ireland,2020-02-03,0
Ireland,2020-02-04,0
Ireland,2020-02-05,0
Ireland,2020-02-06,0
Ireland,2020-02-07,0
Ireland,2020-02-08,0
Ireland,2020-02-09,0
Ireland,2020-02-10,0
Ireland,2020-02-11,0
Ireland,2020-02-12,0
Ireland,2020-02-13,0
Ireland,2020-02-14,0
Ireland,2020-02-15,0
Ireland,2020-02-16,0
Ireland,2020-02-17,0
Ireland,2020-02-18,0
Ireland,2020-02-19,0
Ireland,2020-02-20,0
Ireland,2020-02-21,0
Ireland,2020-02-22,0
Ireland,2020-02-23,0
Ireland,2020-02-24,0
Ireland,2020-02-25,0
Ireland,2020-02-26,0
Ireland,2020-02-27,0
Ireland,2020-02-28,0
Ireland,2020-02-29,1
Ireland,2020-03-01,1
Ireland,2020-03-02,1
Ireland,2020-03-03,2
Ireland,2020-03-04,6
Ireland,2020-03-05,6
Ireland,2020-03-06,18
Ireland,2020-03-07,18
Ireland,2020-03-08,19
Ireland,2020-03-09,21
Ireland,2020-03-10,34
Ireland,2020-03-11,43
Ireland,2020-03-12,43
Ireland,2020-03-13,90
Ireland,2020-03-14,129
Ireland,2020-03-15,129
Ireland,2020-03-16,169
Ireland,2020-03-17,223
Ireland,2020-03-18,292
Ireland,2020-03-19,557
Ireland,2020-03-20,683
Ireland,2020-03-21,785
Ireland,2020-03-22,906
Ireland,2020-03-23,1125
Ireland,2020-03-24,1329
Ireland,2020-03-25,1564
Ireland,2020-03-26,1819
Ireland,2020-03-27,2121
Ireland,2020-03-28,2415
Ireland,2020-03-29,2615
Ireland,2020-03-30,2910
Ireland,2020-03-31,3235
Ireland,2020-04-01,3447
Ireland,2020-04-02,3849
Ireland,2020-04-03,4273
Ireland,2020-04-04,4604
Ireland,2020-04-05,4994
Ireland,2020-04-06,5364
Ireland,2020-04-07,5709
Ireland,2020-04-08,6074
Ireland,2020-04-09,6574
Ireland,2020-04-10,8089
Ireland,2020-04-11,8928
Ireland,2020-04-12,9655
Ireland,2020-04-13,10647
Ireland,2020-04-14,11479
Ireland,2020-04-15,12547
Ireland,2020-04-16,13271
Italy,2020-01-22,0
Italy,2020-01-23,0
Italy,2020-01-24,0
Italy,2020-01-25,0
Italy,2020-01-26,0
Italy,2020-01-27,0
Italy,2020-01-28,0
Italy,2020-01-29,0
Italy,2020-01-30,0
Italy,2020-01-31,2
Italy,2020-02-01,2
Italy,2020-02-02,2
Italy,2020-02-03,2
Italy,2020-02-04,2
Italy,2020-02-05,2
Italy,2020-02-06,2
Italy,2020-02-07,3
Italy,2020-02-08,3
Italy,2020-02-09,3
Italy,2020-02-10,3
Italy,2020-02-11,3
Italy,2020-02-12,3
Italy,2020-02-13,3
Italy,2020-02-14,3
Italy,2020-02-15,3
Italy,2020-02-16,3
Italy,2020-02-17,3
Italy,2020-02-18,3
Italy,2020-02-19,3
Italy,2020-02-20,3
Italy,2020-02-21,20
Italy,2020-02-22,62
Italy,2020-02-23,155
Italy,2020-02-24,229
Italy,2020-02-25,322
Italy,2020-02-26,453
Italy,2020-02-27,655
Italy,2020-02-28,888
Italy,2020-02-29,1128
Italy,2020-03-01,1694
Italy,2020-03-02,2036
Italy,2020-03-03,2502
Italy,2020-03-04,3089
Italy,2020-03-05,3858
Italy,2020-03-06,4636
Italy,2020-03-07,5883
Italy,2020-03-08,7375
Italy,2020-03-09,9172
Italy,2020-03-10,10149
Italy,2020-03-11,12462
Italy,2020-03-12,12462
Italy,2020-03-13,17660
Italy,2020-03-14,21157
Italy,2020-03-15,24747
Italy,2020-03-16,27980
Italy,2020-03-17,31506
Italy,2020-03-18,35713
Italy,2020-03-19,41035
Italy,2020-03-20,47021
Italy,2020-03-21,53578
Italy,2020-03-22,59138
Italy,2020-03-23,63927
Italy,2020-03-24,69176
Italy,2020-03-25,74386
Italy,2020-03-26,80589
Italy,2020-03-27,86498
Italy,2020-03-28,92472
Italy,2020-03-29,97689
Italy,2020-03-30,101739
Italy,2020-03-31,105792
Italy,2020-04-01,110574
Italy,2020-04-02,115242
Italy,2020-04-03,119827
Italy,2020-04-04,124632
Italy,2020-04-05,128948
Italy,2020-04-06,132547
Italy,2020-04-07,135586
Italy,2020-04-08,139422
Italy,2020-04-09,143626
Italy,2020-04-10,147577
Italy,2020-04-11,152271
Italy,2020-04-12,156363
Italy,2020-04-13,159516
Italy,2020-04-14,162488
Italy,2020-04-15,165155
Italy,2020-04-16,168941
Latvia,2020-01-22,0
Latvia,2020-01-23,0
Latvia,2020-01-24,0
Latvia,2020-01-25,0
Latvia,2020-01-26,0
Latvia,2020-01-27,0
Latvia,2020-01-28,0
Latvia,2020-01-29,0
Latvia,2020-01-30,0
Latvia,2020-01-31,0
Latvia,2020-02-01,0
Latvia,2020-02-02,0
Latvia,2020-02-03,0
Latvia,2020-02-04,0
Latvia,2020-02-05,0
Latvia,2020-02-06,0
Latvia,2020-02-07,0
Latvia,2020-02-08,0
Latvia,2020-02-09,0
Latvia,2020-02-10,0
Latvia,2020-02-11,0
Latvia,2020-02-12,0
Latvia,2020-02-13,0
Latvia,2020-02-14,0
Latvia,2020-02-15,0
Latvia,2020-02-16,0
Latvia,2020-02-17,0
Latvia,2020-02-18,0
Latvia,2020-02-19,0
Latvia,2020-02-20,0
Latvia,2020-02-21,0
Latvia,2020-02-22,0
Latvia,2020-02-23,0
Latvia,2020-02-24,0
Latvia,2020-02-25,0
Latvia,2020-02-26,0
Latvia,2020-02-27,0
Latvia,2020-02-28,0
Latvia,2020-02-29,0
Latvia,2020-03-01,0
Latvia,2020-03-02,1
Latvia,2020-03-03,1
Latvia,2020-03-04,1
Latvia,2020-03-05,1
Latvia,2020-03-06,1
Latvia,2020-03-07,1
Latvia,2020-03-08,2
Latvia,2020-03-09,6
Latvia,2020-03-10,8
Latvia,2020-03-11,10
Latvia,2020-03-12,10
Latvia,2020-03-13,17
Latvia,2020-03-14,26
Latvia,2020-03-15,30
Latvia,2020-03-16,34
Latvia,2020-03-17,49
Latvia,2020-03-18,71
Latvia,2020-03-19,86
Latvia,2020-03-20,111
Latvia,2020-03-21,124
Latvia,2020-03-22,139
Latvia,2020-03-23,180
Latvia,2020-03-24,197
Latvia,2020-03-25,221
Latvia,2020-03-26,244
Latvia,2020-03-27,280
Latvia,2020-03-28,305
Latvia,2020-03-29,347
Latvia,2020-03-30,376
Latvia,2020-03-31,398
Latvia,2020-04-01,446
Latvia,2020-04-02,458
Latvia,2020-04-03,493
Latvia,2020-04-04,509
Latvia,2020-04-05,533
Latvia,2020-04-06,542
Latvia,2020-04-07,548
Latvia,2020-04-08,577
Latvia,2020-04-09,589
Latvia,2020-04-10,612
Latvia,2020-04-11,630
Latvia,2020-04-12,651
Latvia,2020-04-13,655
Latvia,2020-04-14,657
Latvia,2020-04-15,666
Latvia,2020-04-16,675
Liechtenstein,2020-01-22,0
Liechtenstein,2020-01-23,0
Liechtenstein,2020-01-24,0
Liechtenstein,2020-01-25,0
Liechtenstein,2020-01-26,0
Liechtenstein,2020-01-27,0
Liechtenstein,2020-01-28,0
Liechtenstein,2020-01-29,0
Liechtenstein,2020-01-30,0
Liechtenstein,2020-01-31,0
Liechtenstein,2020-02-01,0
Liechtenstein,2020-02-02,0
Liechtenstein,2020-02-03,0
Liechtenstein,2020-02-04,0
Liechtenstein,2020-02-05,0
Liechtenstein,2020-02-06,0
Liechtenstein,2020-02-07,0
Liechtenstein,2020-02-08,0
Liechtenstein,2020-02-09,0
Liechtenstein,2020-02-10,0
Liechtenstein,2020-02-11,0
Liechtenstein,2020-02-12,0
Liechtenstein,2020-02-13,0
Liechtenstein,2020-02-14,0
Liechtenstein,2020-02-15,0
Liechtenstein,2020-02-16,0
Liechtenstein,2020-02-17,0
Liechtenstein,2020-02-18,0
Liechtenstein,2020-02-19,0
Liechtenstein,2020-02-20,0
Liechtenstein,2020-02-21,0
Liechtenstein,2020-02-22,0
Liechtenstein,2020-02-23,0
Liechtenstein,2020-02-24,0
Liechtenstein,2020-02-25,0
Liechtenstein,2020-02-26,0
Liechtenstein,2020-02-27,0
Liechtenstein,2020-02-28,0
Liechtenstein,2020-02-29,0
Liechtenstein,2020-03-01,0
Liechtenstein,2020-03-02,0
Liechtenstein,2020-03-03,0
Liechtenstein,2020-03-04,1
Liechtenstein,2020-03-05,1
Liechtenstein,2020-03-06,1
Liechtenstein,2020-03-07,1
Liechtenstein,2020-03-08,1
Liechtenstein,2020-03-09,1
Liechtenstein,2020-03-10,1
Liechtenstein,2020-03-11,1
Liechtenstein,2020-03-12,1
Liechtenstein,2020-03-13,1
Liechtenstein,2020-03-14,4
Liechtenstein,2020-03-15,4
Liechtenstein,2020-03-16,4
Liechtenstein,2020-03-17,7
Liechtenstein,2020-03-18,28
Liechtenstein,2020-03-19,28
Liechtenstein,2020-03-20,28
Liechtenstein,2020-03-21,37
Liechtenstein,2020-03-22,37
Liechtenstein,2020-03-23,51
Liechtenstein,2020-03-24,51
Liechtenstein,2020-03-25,51
Liechtenstein,2020-03-26,56
Liechtenstein,2020-03-27,56
Liechtenstein,2020-03-28,56
Liechtenstein,2020-03-29,56
Liechtenstein,2020-03-30,62
Liechtenstein,2020-03-31,68
Liechtenstein,2020-04-01,68
Liechtenstein,2020-04-02,75
Liechtenstein,2020-04-03,75
Liechtenstein,2020-04-04,77
Liechtenstein,2020-04-05,77
Liechtenstein,2020-04-06,77
Liechtenstein,2020-04-07,78
Liechtenstein,2020-04-08,78
Liechtenstein,2020-04-09,78
Liechtenstein,2020-04-10,79
Liechtenstein,2020-04-11,79
Liechtenstein,2020-04-12,79
Liechtenstein,2020-04-13,79
Liechtenstein,2020-04-14,79
Liechtenstein,2020-04-15,79
Liechtenstein,2020-04-16,79
Lithuania,2020-01-22,0
Lithuania,2020-01-23,0
Lithuania,2020-01-24,0
Lithuania,2020-01-25,0
Lithuania,2020-01-26,0
Lithuania,2020-01-27,0
Lithuania,2020-01-28,0
Lithuania,2020-01-29,0
Lithuania,2020-01-30,0
Lithuania,2020-01-31,0
Lithuania,2020-02-01,0
Lithuania,2020-02-02,0
Lithuania,2020-02-03,0
Lithuania,2020-02-04,0
Lithuania,2020-02-05,0
Lithuania,2020-02-06,0
Lithuania,2020-02-07,0
Lithuania,2020-02-08,0
Lithuania,2020-02-09,0
Lithuania,2020-02-10,0
Lithuania,2020-02-11,0
Lithuania,2020-02-12,0
Lithuania,2020-02-13,0
Lithuania,2020-02-14,0
Lithuania,2020-02-15,0
Lithuania,2020-02-16,0
Lithuania,2020-02-17,0
Lithuania,2020-02-18,0
Lithuania,2020-02-19,0
Lithuania,2020-02-20,0
Lithuania,2020-02-21,0
Lithuania,2020-02-22,0
Lithuania,2020-02-23,0
Lithuania,2020-02-24,0
Lithuania,2020-02-25,0
Lithuania,2020-02-26,0
Lithuania,2020-02-27,0
Lithuania,2020-02-28,1
Lithuania,2020-02-29,1
Lithuania,2020-03-01,1
Lithuania,2020-03-02,1
Lithuania,2020-03-03,1
Lithuania,2020-03-04,1
Lithuania,2020-03-05,1
Lithuania,2020-03-06,1
Lithuania,2020-03-07,1
Lithuania,2020-03-08,1
Lithuania,2020-03-09,1
Lithuania,2020-03-10,1
Lithuania,2020-03-11,3
Lithuania,2020-03-12,3
Lithuania,2020-03-13,6
Lithuania,2020-03-14,8
Lithuania,2020-03-15,12
Lithuania,2020-03-16,17
Lithuania,2020-03-17,25
Lithuania,2020-03-18,27
Lithuania,2020-03-19,36
Lithuania,2020-03-20,49
Lithuania,2020-03-21,83
Lithuania,2020-03-22,143
Lithuania,2020-03-23,179
Lithuania,2020-03-24,209
Lithuania,2020-03-25,274
Lithuania,2020-03-26,299
Lithuania,2020-03-27,358
Lithuania,2020-03-28,394
Lithuania,2020-03-29,460
Lithuania,2020-03-30,491
Lithuania,2020-03-31,537
Lithuania,2020-04-01,581
Lithuania,2020-04-02,649
Lithuania,2020-04-03,696
Lithuania,2020-04-04,771
Lithuania,2020-04-05,811
Lithuania,2020-04-06,843
Lithuania,2020-04-07,880
Lithuania,2020-04-08,912
Lithuania,2020-04-09,955
Lithuania,2020-04-10,999
Lithuania,2020-04-11,1026
Lithuania,2020-04-12,1053
Lithuania,2020-04-13,1062
Lithuania,2020-04-14,1070
Lithuania,2020-04-15,1091
Lithuania,2020-04-16,1128
Luxembourg,2020-01-22,0
Luxembourg,2020-01-23,0
Luxembourg,2020-01-24,0
Luxembourg,2020-01-25,0
Luxembourg,2020-01-26,0
Luxembourg,2020-01-27,0
Luxembourg,2020-01-28,0
Luxembourg,2020-01-29,0
Luxembourg,2020-01-30,0
Luxembourg,2020-01-31,0
Luxembourg,2020-02-01,0
Luxembourg,2020-02-02,0
Luxembourg,2020-02-03,0
Luxembourg,2020-02-04,0
Luxembourg,2020-02-05,0
Luxembourg,2020-02-06,0
Luxembourg,2020-02-07,0
Luxembourg,2020-02-08,0
Luxembourg,2020-02-09,0
Luxembourg,2020-02-10,0
Luxembourg,2020-02-11,0
Luxembourg,2020-02-12,0
Luxembourg,2020-02-13,0
Luxembourg,2020-02-14,0
Luxembourg,2020-02-15,0
Luxembourg,2020-02-16,0
Luxembourg,2020-02-17,0
Luxembourg,2020-02-18,0
Luxembourg,2020-02-19,0
Luxembourg,2020-02-20,0
Luxembourg,2020-02-21,0
Luxembourg,2020-02-22,0
Luxembourg,2020-02-23,0
Luxembourg,2020-02-24,0
Luxembourg,2020-02-25,0
Luxembourg,2020-02-26,0
Luxembourg,2020-02-27,0
Luxembourg,2020-02-28,0
Luxembourg,2020-02-29,1
Luxembourg,2020-03-01,1
Luxembourg,2020-03-02,1
Luxembourg,2020-03-03,1
Luxembourg,2020-03-04,1
Luxembourg,2020-03-05,1
Luxembourg,2020-03-06,2
Luxembourg,2020-03-07,2
Luxembourg,2020-03-08,3
Luxembourg,2020-03-09,3
Luxembourg,2020-03-10,5
Luxembourg,2020-03-11,7
Luxembourg,2020-03-12,19
Luxembourg,2020-03-13,34
Luxembourg,2020-03-14,51
Luxembourg,2020-03-15,59
Luxembourg,2020-03-16,77
Luxembourg,2020-03-17,140
Luxembourg,2020-03-18,203
Luxembourg,2020-03-19,335
Luxembourg,2020-03-20,484
Luxembourg,2020-03-21,670
Luxembourg,2020-03-22,798
Luxembourg,2020-03-23,875
Luxembourg,2020-03-24,1099
Luxembourg,2020-03-25,1333
Luxembourg,2020-03-26,1453
Luxembourg,2020-03-27,1605
Luxembourg,2020-03-28,1831
Luxembourg,2020-03-29,1950
Luxembourg,2020-03-30,1988
Luxembourg,2020-03-31,2178
Luxembourg,2020-04-01,2319
Luxembourg,2020-04-02,2487
Luxembourg,2020-04-03,2612
Luxembourg,2020-04-04,2729
Luxembourg,2020-04-05,2804
Luxembourg,2020-04-06,2843
Luxembourg,2020-04-07,2970
Luxembourg,2020-04-08,3034
Luxembourg,2020-04-09,3115
Luxembourg,2020-04-10,3223
Luxembourg,2020-04-11,3270
Luxembourg,2020-04-12,3281
Luxembourg,2020-04-13,3292
Luxembourg,2020-04-14,3307
Luxembourg,2020-04-15,3373
Luxembourg,2020-04-16,3444
Malta,2020-01-22,0
Malta,2020-01-23,0
Malta,2020-01-24,0
Malta,2020-01-25,0
Malta,2020-01-26,0
Malta,2020-01-27,0
Malta,2020-01-28,0
Malta,2020-01-29,0
Malta,2020-01-30,0
Malta,2020-01-31,0
Malta,2020-02-01,0
Malta,2020-02-02,0
Malta,2020-02-03,0
Malta,2020-02-04,0
Malta,2020-02-05,0
Malta,2020-02-06,0
Malta,2020-02-07,0
Malta,2020-02-08,0
Malta,2020-02-09,0
Malta,2020-02-10,0
Malta,2020-02-11,0
Malta,2020-02-12,0
Malta,2020-02-13,0
Malta,2020-02-14,0
Malta,2020-02-15,0
Malta,2020-02-16,0
Malta,2020-02-17,0
Malta,2020-02-18,0
Malta,2020-02-19,0
Malta,2020-02-20,0
Malta,2020-02-21,0
Malta,2020-02-22,0
Malta,2020-02-23,0
Malta,2020-02-24,0
Malta,2020-02-25,0
Malta,2020-02-26,0
Malta,2020-02-27,0
Malta,2020-02-28,0
Malta,2020-02-29,0
Malta,2020-03-01,0
Malta,2020-03-02,0
Malta,2020-03-03,0
Malta,2020-03-04,0
Malta,2020-03-05,0
Malta,2020-03-06,0
Malta,2020-03-07,3
Malta,2020-03-08,3
Malta,2020-03-09,3
Malta,2020-03-10,5
Malta,2020-03-11,6
Malta,2020-03-12,6
Malta,2020-03-13,12
Malta,2020-03-14,18
Malta,2020-03-15,21
Malta,2020-03-16,30
Malta,2020-03-17,38
Malta,2020-03-18,38
Malta,2020-03-19,53
Malta,2020-03-20,64
Malta,2020-03-21,73
Malta,2020-03-22,90
Malta,2020-03-23,107
Malta,2020-03-24,110
Malta,2020-03-25,129
Malta,2020-03-26,134
Malta,2020-03-27,139
Malta,2020-03-28,149
Malta,2020-03-29,151
Malta,2020-03-30,156
Malta,2020-03-31,169
Malta,2020-04-01,188
Malta,2020-04-02,196
Malta,2020-04-03,202
Malta,2020-04-04,213
Malta,2020-04-05,227
Malta,2020-04-06,241
Malta,2020-04-07,293
Malta,2020-04-08,299
Malta,2020-04-09,337
Malta,2020-04-10,350
Malta,2020-04-11,370
Malta,2020-04-12,378
Malta,2020-04-13,384
Malta,2020-04-14,393
Malta,2020-04-15,399
Malta,2020-04-16,412
Moldova,2020-01-22,0
Moldova,2020-01-23,0
Moldova,2020-01-24,0
Moldova,2020-01-25,0
Moldova,2020-01-26,0
Moldova,2020-01-27,0
Moldova,2020-01-28,0
Moldova,2020-01-29,0
Moldova,2020-01-30,0
Moldova,2020-01-31,0
Moldova,2020-02-01,0
Moldova,2020-02-02,0
Moldova,2020-02-03,0
Moldova,2020-02-04,0
Moldova,2020-02-05,0
Moldova,2020-02-06,0
Moldova,2020-02-07,0
Moldova,2020-02-08,0
Moldova,2020-02-09,0
Moldova,2020-02-10,0
Moldova,2020-02-11,0
Moldova,2020-02-12,0
Moldova,2020-02-13,0
Moldova,2020-02-14,0
Moldova,2020-02-15,0
Moldova,2020-02-16,0
Moldova,2020-02-17,0
Moldova,2020-02-18,0
Moldova,2020-02-19,0
Moldova,2020-02-20,0
Moldova,2020-02-21,0
Moldova,2020-02-22,0
Moldova,2020-02-23,0
Moldova,2020-02-24,0
Moldova,2020-02-25,0
Moldova,2020-02-26,0
Moldova,2020-02-27,0
Moldova,2020-02-28,0
Moldova,2020-02-29,0
Moldova,2020-03-01,0
Moldova,2020-03-02,0
Moldova,2020-03-03,0
Moldova,2020-03-04,0
Moldova,2020-03-05,0
Moldova,2020-03-06,0
Moldova,2020-03-07,0
Moldova,2020-03-08,1
Moldova,2020-03-09,1
Moldova,2020-03-10,3
Moldova,2020-03-11,3
Moldova,2020-03-12,3
Moldova,2020-03-13,6
Moldova,2020-03-14,12
Moldova,2020-03-15,23
Moldova,2020-03-16,23
Moldova,2020-03-17,30
Moldova,2020-03-18,30
Moldova,2020-03-19,49
Moldova,2020-03-20,66
Moldova,2020-03-21,80
Moldova,2020-03-22,94
Moldova,2020-03-23,109
Moldova,2020-03-24,125
Moldova,2020-03-25,149
Moldova,2020-03-26,177
Moldova,2020-03-27,199
Moldova,2020-03-28,231
Moldova,2020-03-29,263
Moldova,2020-03-30,298
Moldova,2020-03-31,353
Moldova,2020-04-01,423
Moldova,2020-04-02,505
Moldova,2020-04-03,591
Moldova,2020-04-04,752
Moldova,2020-04-05,864
Moldova,2020-04-06,965
Moldova,2020-04-07,1056
Moldova,2020-04-08,1174
Moldova,2020-04-09,1289
Moldova,2020-04-10,1438
Moldova,2020-04-11,1560
Moldova,2020-04-12,1662
Moldova,2020-04-13,1712
Moldova,2020-04-14,1934
Moldova,2020-04-15,2049
Moldova,2020-04-16,2154
Monaco,2020-01-22,0
Monaco,2020-01-23,0
Monaco,2020-01-24,0
Monaco,2020-01-25,0
Monaco,2020-01-26,0
Monaco,2020-01-27,0
Monaco,2020-01-28,0
Monaco,2020-01-29,0
Monaco,2020-01-30,0
Monaco,2020-01-31,0
Monaco,2020-02-01,0
Monaco,2020-02-02,0
Monaco,2020-02-03,0
Monaco,2020-02-04,0
Monaco,2020-02-05,0
Monaco,2020-02-06,0
Monaco,2020-02-07,0
Monaco,2020-02-08,0
Monaco,2020-02-09,0
Monaco,2020-02-10,0
Monaco,2020-02-11,0
Monaco,2020-02-12,0
Monaco,2020-02-13,0
Monaco,2020-02-14,0
Monaco,2020-02-15,0
Monaco,2020-02-16,0
Monaco,2020-02-17,0
Monaco,2020-02-18,0
Monaco,2020-02-19,0
Monaco,2020-02-20,0
Monaco,2020-02-21,0
Monaco,2020-02-22,0
Monaco,2020-02-23,0
Monaco,2020-02-24,0
Monaco,2020-02-25,0
Monaco,2020-02-26,0
Monaco,2020-02-27,0
Monaco,2020-02-28,0
Monaco,2020-02-29,1
Monaco,2020-03-01,1
Monaco,2020-03-02,1
Monaco,2020-03-03,1
Monaco,2020-03-04,1
Monaco,2020-03-05,1
Monaco,2020-03-06,1
Monaco,2020-03-07,1
Monaco,2020-03-08,1
Monaco,2020-03-09,1
Monaco,2020-03-10,1
Monaco,2020-03-11,1
Monaco,2020-03-12,2
Monaco,2020-03-13,2
Monaco,2020-03-14,2
Monaco,2020-03-15,2
Monaco,2020-03-16,7
Monaco,2020-03-17,7
Monaco,2020-03-18,7
Monaco,2020-03-19,7
Monaco,2020-03-20,11
Monaco,2020-03-21,11
Monaco,2020-03-22,23
Monaco,2020-03-23,23
Monaco,2020-03-24,23
Monaco,2020-03-25,31
Monaco,2020-03-26,33
Monaco,2020-03-27,42
Monaco,2020-03-28,42
Monaco,2020-03-29,46
Monaco,2020-03-30,49
Monaco,2020-03-31,52
Monaco,2020-04-01,55
Monaco,2020-04-02,60
Monaco,2020-04-03,64
Monaco,2020-04-04,66
Monaco,2020-04-05,73
Monaco,2020-04-06,77
Monaco,2020-04-07,79
Monaco,2020-04-08,81
Monaco,2020-04-09,84
Monaco,2020-04-10,90
Monaco,2020-04-11,92
Monaco,2020-04-12,93
Monaco,2020-04-13,93
Monaco,2020-04-14,93
Monaco,2020-04-15,93
Monaco,2020-04-16,93
Montenegro,2020-01-22,0
Montenegro,2020-01-23,0
Montenegro,2020-01-24,0
Montenegro,2020-01-25,0
Montenegro,2020-01-26,0
Montenegro,2020-01-27,0
Montenegro,2020-01-28,0
Montenegro,2020-01-29,0
Montenegro,2020-01-30,0
Montenegro,2020-01-31,0
Montenegro,2020-02-01,0
Montenegro,2020-02-02,0
Montenegro,2020-02-03,0
Montenegro,2020-02-04,0
Montenegro,2020-02-05,0
Montenegro,2020-02-06,0
Montenegro,2020-02-07,0
Montenegro,2020-02-08,0
Montenegro,2020-02-09,0
Montenegro,2020-02-10,0
Montenegro,2020-02-11,0
Montenegro,2020-02-12,0
Montenegro,2020-02-13,0
Montenegro,2020-02-14,0
Montenegro,2020-02-15,0
Montenegro,2020-02-16,0
Montenegro,2020-02-17,0
Montenegro,2020-02-18,0
Montenegro,2020-02-19,0
Montenegro,2020-02-20,0
Montenegro,2020-02-21,0
Montenegro,2020-02-22,0
Montenegro,2020-02-23,0
Montenegro,2020-02-24,0
Montenegro,2020-02-25,0
Montenegro,2020-02-26,0
Montenegro,2020-02-27,0
Montenegro,2020-02-28,0
Montenegro,2020-02-29,0
Montenegro,2020-03-01,0
Montenegro,2020-03-02,0
Montenegro,2020-03-03,0
Montenegro,2020-03-04,0
Montenegro,2020-03-05,0
Montenegro,2020-03-06,0
Montenegro,2020-03-07,0
Montenegro,2020-03-08,0
Montenegro,2020-03-09,0
Montenegro,2020-03-10,0
Montenegro,2020-03-11,0
Montenegro,2020-03-12,0
Montenegro,2020-03-13,0
Montenegro,2020-03-14,0
Montenegro,2020-03-15,0
Montenegro,2020-03-16,0
Montenegro,2020-03-17,2
Montenegro,2020-03-18,2
Montenegro,2020-03-19,3
Montenegro,2020-03-20,14
Montenegro,2020-03-21,14
Montenegro,2020-03-22,21
Montenegro,2020-03-23,27
Montenegro,2020-03-24,47
Montenegro,2020-03-25,52
Montenegro,2020-03-26,69
Montenegro,2020-03-27,82
Montenegro,2020-03-28,84
Montenegro,2020-03-29,85
Montenegro,2020-03-30,91
Montenegro,2020-03-31,109
Montenegro,2020-04-01,123
Montenegro,2020-04-02,144
Montenegro,2020-04-03,174
Montenegro,2020-04-04,201
Montenegro,2020-04-05,214
Montenegro,2020-04-06,233
Montenegro,2020-04-07,241
Montenegro,2020-04-08,248
Montenegro,2020-04-09,252
Montenegro,2020-04-10,255
Montenegro,2020-04-11,263
Montenegro,2020-04-12,272
Montenegro,2020-04-13,274
Montenegro,2020-04-14,283
Montenegro,2020-04-15,288
Montenegro,2020-04-16,303
Netherlands,2020-01-22,0
Netherlands,2020-01-23,0
Netherlands,2020-01-24,0
Netherlands,2020-01-25,0
Netherlands,2020-01-26,0
Netherlands,2020-01-27,0
Netherlands,2020-01-28,0
Netherlands,2020-01-29,0
Netherlands,2020-01-30,0
Netherlands,2020-01-31,0
Netherlands,2020-02-01,0
Netherlands,2020-02-02,0
Netherlands,2020-02-03,0
Netherlands,2020-02-04,0
Netherlands,2020-02-05,0
Netherlands,2020-02-06,0
Netherlands,2020-02-07,0
Netherlands,2020-02-08,0
Netherlands,2020-02-09,0
Netherlands,2020-02-10,0
Netherlands,2020-02-11,0
Netherlands,2020-02-12,0
Netherlands,2020-02-13,0
Netherlands,2020-02-14,0
Netherlands,2020-02-15,0
Netherlands,2020-02-16,0
Netherlands,2020-02-17,0
Netherlands,2020-02-18,0
Netherlands,2020-02-19,0
Netherlands,2020-02-20,0
Netherlands,2020-02-21,0
Netherlands,2020-02-22,0
Netherlands,2020-02-23,0
Netherlands,2020-02-24,0
Netherlands,2020-02-25,0
Netherlands,2020-02-26,0
Netherlands,2020-02-27,1
Netherlands,2020-02-28,1
Netherlands,2020-02-29,6
Netherlands,2020-03-01,10
Netherlands,2020-03-02,18
Netherlands,2020-03-03,24
Netherlands,2020-03-04,38
Netherlands,2020-03-05,82
Netherlands,2020-03-06,128
Netherlands,2020-03-07,188
Netherlands,2020-03-08,265
Netherlands,2020-03-09,321
Netherlands,2020-03-10,382
Netherlands,2020-03-11,503
Netherlands,2020-03-12,503
Netherlands,2020-03-13,806
Netherlands,2020-03-14,962
Netherlands,2020-03-15,1138
Netherlands,2020-03-16,1416
Netherlands,2020-03-17,1711
Netherlands,2020-03-18,2058
Netherlands,2020-03-19,2467
Netherlands,2020-03-20,3003
Netherlands,2020-03-21,3640
Netherlands,2020-03-22,4217
Netherlands,2020-03-23,4764
Netherlands,2020-03-24,5580
Netherlands,2020-03-25,6438
Netherlands,2020-03-26,7468
Netherlands,2020-03-27,8647
Netherlands,2020-03-28,9819
Netherlands,2020-03-29,10930
Netherlands,2020-03-30,11817
Netherlands,2020-03-31,12667
Netherlands,2020-04-01,13696
Netherlands,2020-04-02,14788
Netherlands,2020-04-03,15821
Netherlands,2020-04-04,16727
Netherlands,2020-04-05,17953
Netherlands,2020-04-06,18926
Netherlands,2020-04-07,19709
Netherlands,2020-04-08,20682
Netherlands,2020-04-09,21903
Netherlands,2020-04-10,23249
Netherlands,2020-04-11,24571
Netherlands,2020-04-12,25746
Netherlands,2020-04-13,26710
Netherlands,2020-04-14,27580
Netherlands,2020-04-15,28316
Netherlands,2020-04-16,29383
Norway,2020-01-22,0
Norway,2020-01-23,0
Norway,2020-01-24,0
Norway,2020-01-25,0
Norway,2020-01-26,0
Norway,2020-01-27,0
Norway,2020-01-28,0
Norway,2020-01-29,0
Norway,2020-01-30,0
Norway,2020-01-31,0
Norway,2020-02-01,0
Norway,2020-02-02,0
Norway,2020-02-03,0
Norway,2020-02-04,0
Norway,2020-02-05,0
Norway,2020-02-06,0
Norway,2020-02-07,0
Norway,2020-02-08,0
Norway,2020-02-09,0
Norway,2020-02-10,0
Norway,2020-02-11,0
Norway,2020-02-12,0
Norway,2020-02-13,0
Norway,2020-02-14,0
Norway,2020-02-15,0
Norway,2020-02-16,0
Norway,2020-02-17,0
Norway,2020-02-18,0
Norway,2020-02-19,0
Norway,2020-02-20,0
Norway,2020-02-21,0
Norway,2020-02-22,0
Norway,2020-02-23,0
Norway,2020-02-24,0
Norway,2020-02-25,0
Norway,2020-02-26,1
Norway,2020-02-27,1
Norway,2020-02-28,6
Norway,2020-02-29,15
Norway,2020-03-01,19
Norway,2020-03-02,25
Norway,2020-03-03,32
Norway,2020-03-04,56
Norway,2020-03-05,87
Norway,2020-03-06,108
Norway,2020-03-07,147
Norway,2020-03-08,176
Norway,2020-03-09,205
Norway,2020-03-10,400
Norway,2020-03-11,598
Norway,2020-03-12,702
Norway,2020-03-13,996
Norway,2020-03-14,1090
Norway,2020-03-15,1221
Norway,2020-03-16,1333
Norway,2020-03-17,1463
Norway,2020-03-18,1550
Norway,2020-03-19,1746
Norway,2020-03-20,1914
Norway,2020-03-21,2118
Norway,2020-03-22,2385
Norway,2020-03-23,2621
Norway,2020-03-24,2863
Norway,2020-03-25,3084
Norway,2020-03-26,3369
Norway,2020-03-27,3755
Norway,2020-03-28,4015
Norway,2020-03-29,4284
Norway,2020-03-30,4445
Norway,2020-03-31,4641
Norway,2020-04-01,4863
Norway,2020-04-02,5147
Norway,2020-04-03,5370
Norway,2020-04-04,5550
Norway,2020-04-05,5687
Norway,2020-04-06,5865
Norway,2020-04-07,6086
Norway,2020-04-08,6086
Norway,2020-04-09,6211
Norway,2020-04-10,6314
Norway,2020-04-11,6409
Norway,2020-04-12,6525
Norway,2020-04-13,6603
Norway,2020-04-14,6623
Norway,2020-04-15,6740
Norway,2020-04-16,6896
Poland,2020-01-22,0
Poland,2020-01-23,0
Poland,2020-01-24,0
Poland,2020-01-25,0
Poland,2020-01-26,0
Poland,2020-01-27,0
Poland,2020-01-28,0
Poland,2020-01-29,0
Poland,2020-01-30,0
Poland,2020-01-31,0
Poland,2020-02-01,0
Poland,2020-02-02,0
Poland,2020-02-03,0
Poland,2020-02-04,0
Poland,2020-02-05,0
Poland,2020-02-06,0
Poland,2020-02-07,0
Poland,2020-02-08,0
Poland,2020-02-09,0
Poland,2020-02-10,0
Poland,2020-02-11,0
Poland,2020-02-12,0
Poland,2020-02-13,0
Poland,2020-02-14,0
Poland,2020-02-15,0
Poland,2020-02-16,0
Poland,2020-02-17,0
Poland,2020-02-18,0
Poland,2020-02-19,0
Poland,2020-02-20,0
Poland,2020-02-21,0
Poland,2020-02-22,0
Poland,2020-02-23,0
Poland,2020-02-24,0
Poland,2020-02-25,0
Poland,2020-02-26,0
Poland,2020-02-27,0
Poland,2020-02-28,0
Poland,2020-02-29,0
Poland,2020-03-01,0
Poland,2020-03-02,0
Poland,2020-03-03,0
Poland,2020-03-04,1
Poland,2020-03-05,1
Poland,2020-03-06,5
Poland,2020-03-07,5
Poland,2020-03-08,11
Poland,2020-03-09,16
Poland,2020-03-10,22
Poland,2020-03-11,31
Poland,2020-03-12,49
Poland,2020-03-13,68
Poland,2020-03-14,103
Poland,2020-03-15,119
Poland,2020-03-16,177
Poland,2020-03-17,238
Poland,2020-03-18,251
Poland,2020-03-19,355
Poland,2020-03-20,425
Poland,2020-03-21,536
Poland,2020-03-22,634
Poland,2020-03-23,749
Poland,2020-03-24,901
Poland,2020-03-25,1051
Poland,2020-03-26,1221
Poland,2020-03-27,1389
Poland,2020-03-28,1638
Poland,2020-03-29,1862
Poland,2020-03-30,2055
Poland,2020-03-31,2311
Poland,2020-04-01,2554
Poland,2020-04-02,2946
Poland,2020-04-03,3383
Poland,2020-04-04,3627
Poland,2020-04-05,4102
Poland,2020-04-06,4413
Poland,2020-04-07,4848
Poland,2020-04-08,5205
Poland,2020-04-09,5575
Poland,2020-04-10,5955
Poland,2020-04-11,6356
Poland,2020-04-12,6674
Poland,2020-04-13,6934
Poland,2020-04-14,7202
Poland,2020-04-15,7582
Poland,2020-04-16,7918
Portugal,2020-01-22,0
Portugal,2020-01-23,0
Portugal,2020-01-24,0
Portugal,2020-01-25,0
Portugal,2020-01-26,0
Portugal,2020-01-27,0
Portugal,2020-01-28,0
Portugal,2020-01-29,0
Portugal,2020-01-30,0
Portugal,2020-01-31,0
Portugal,2020-02-01,0
Portugal,2020-02-02,0
Portugal,2020-02-03,0
Portugal,2020-02-04,0
Portugal,2020-02-05,0
Portugal,2020-02-06,0
Portugal,2020-02-07,0
Portugal,2020-02-08,0
Portugal,2020-02-09,0
Portugal,2020-02-10,0
Portugal,2020-02-11,0
Portugal,2020-02-12,0
Portugal,2020-02-13,0
Portugal,2020-02-14,0
Portugal,2020-02-15,0
Portugal,2020-02-16,0
Portugal,2020-02-17,0
Portugal,2020-02-18,0
Portugal,2020-02-19,0
Portugal,2020-02-20,0
Portugal,2020-02-21,0
Portugal,2020-02-22,0
Portugal,2020-02-23,0
Portugal,2020-02-24,0
Portugal,2020-02-25,0
Portugal,2020-02-26,0
Portugal,2020-02-27,0
Portugal,2020-02-28,0
Portugal,2020-02-29,0
Portugal,2020-03-01,0
Portugal,2020-03-02,2
Portugal,2020-03-03,2
Portugal,2020-03-04,5
Portugal,2020-03-05,8
Portugal,2020-03-06,13
Portugal,2020-03-07,20
Portugal,2020-03-08,30
Portugal,2020-03-09,30
Portugal,2020-03-10,41
Portugal,2020-03-11,59
Portugal,2020-03-12,59
Portugal,2020-03-13,112
Portugal,2020-03-14,169
Portugal,2020-03-15,245
Portugal,2020-03-16,331
Portugal,2020-03-17,448
Portugal,2020-03-18,448
Portugal,2020-03-19,785
Portugal,2020-03-20,1020
Portugal,2020-03-21,1280
Portugal,2020-03-22,1600
Portugal,2020-03-23,2060
Portugal,2020-03-24,2362
Portugal,2020-03-25,2995
Portugal,2020-03-26,3544
Portugal,2020-03-27,4268
Portugal,2020-03-28,5170
Portugal,2020-03-29,5962
Portugal,2020-03-30,6408
Portugal,2020-03-31,7443
Portugal,2020-04-01,8251
Portugal,2020-04-02,9034
Portugal,2020-04-03,9886
Portugal,2020-04-04,10524
Portugal,2020-04-05,11278
Portugal,2020-04-06,11730
Portugal,2020-04-07,12442
Portugal,2020-04-08,13141
Portugal,2020-04-09,13956
Portugal,2020-04-10,15472
Portugal,2020-04-11,15987
Portugal,2020-04-12,16585
Portugal,2020-04-13,16934
Portugal,2020-04-14,17448
Portugal,2020-04-15,18091
Portugal,2020-04-16,18841
Romania,2020-01-22,0
Romania,2020-01-23,0
Romania,2020-01-24,0
Romania,2020-01-25,0
Romania,2020-01-26,0
Romania,2020-01-27,0
Romania,2020-01-28,0
Romania,2020-01-29,0
Romania,2020-01-30,0
Romania,2020-01-31,0
Romania,2020-02-01,0
Romania,2020-02-02,0
Romania,2020-02-03,0
Romania,2020-02-04,0
Romania,2020-02-05,0
Romania,2020-02-06,0
Romania,2020-02-07,0
Romania,2020-02-08,0
Romania,2020-02-09,0
Romania,2020-02-10,0
Romania,2020-02-11,0
Romania,2020-02-12,0
Romania,2020-02-13,0
Romania,2020-02-14,0
Romania,2020-02-15,0
Romania,2020-02-16,0
Romania,2020-02-17,0
Romania,2020-02-18,0
Romania,2020-02-19,0
Romania,2020-02-20,0
Romania,2020-02-21,0
Romania,2020-02-22,0
Romania,2020-02-23,0
Romania,2020-02-24,0
Romania,2020-02-25,0
Romania,2020-02-26,1
Romania,2020-02-27,1
Romania,2020-02-28,3
Romania,2020-02-29,3
Romania,2020-03-01,3
Romania,2020-03-02,3
Romania,2020-03-03,3
Romania,2020-03-04,4
Romania,2020-03-05,6
Romania,2020-03-06,9
Romania,2020-03-07,9
Romania,2020-03-08,15
Romania,2020-03-09,15
Romania,2020-03-10,25
Romania,2020-03-11,45
Romania,2020-03-12,49
Romania,2020-03-13,89
Romania,2020-03-14,123
Romania,2020-03-15,131
Romania,2020-03-16,158
Romania,2020-03-17,184
Romania,2020-03-18,260
Romania,2020-03-19,277
Romania,2020-03-20,308
Romania,2020-03-21,367
Romania,2020-03-22,433
Romania,2020-03-23,576
Romania,2020-03-24,794
Romania,2020-03-25,906
Romania,2020-03-26,1029
Romania,2020-03-27,1292
Romania,2020-03-28,1452
Romania,2020-03-29,1815
Romania,2020-03-30,2109
Romania,2020-03-31,2245
Romania,2020-04-01,2460
Romania,2020-04-02,2738
Romania,2020-04-03,3183
Romania,2020-04-04,3613
Romania,2020-04-05,3864
Romania,2020-04-06,4057
Romania,2020-04-07,4417
Romania,2020-04-08,4761
Romania,2020-04-09,5202
Romania,2020-04-10,5467
Romania,2020-04-11,5990
Romania,2020-04-12,6300
Romania,2020-04-13,6633
Romania,2020-04-14,6879
Romania,2020-04-15,7216
Romania,2020-04-16,7707
Russia,2020-01-22,0
Russia,2020-01-23,0
Russia,2020-01-24,0
Russia,2020-01-25,0
Russia,2020-01-26,0
Russia,2020-01-27,0
Russia,2020-01-28,0
Russia,2020-01-29,0
Russia,2020-01-30,0
Russia,2020-01-31,2
Russia,2020-02-01,2
Russia,2020-02-02,2
Russia,2020-02-03,2
Russia,2020-02-04,2
Russia,2020-02-05,2
Russia,2020-02-06,2
Russia,2020-02-07,2
Russia,2020-02-08,2
Russia,2020-02-09,2
Russia,2020-02-10,2
Russia,2020-02-11,2
Russia,2020-02-12,2
Russia,2020-02-13,2
Russia,2020-02-14,2
Russia,2020-02-15,2
Russia,2020-02-16,2
Russia,2020-02-17,2
Russia,2020-02-18,2
Russia,2020-02-19,2
Russia,2020-02-20,2
Russia,2020-02-21,2
Russia,2020-02-22,2
Russia,2020-02-23,2
Russia,2020-02-24,2
Russia,2020-02-25,2
Russia,2020-02-26,2
Russia,2020-02-27,2
Russia,2020-02-28,2
Russia,2020-02-29,2
Russia,2020-03-01,2
Russia,2020-03-02,3
Russia,2020-03-03,3
Russia,2020-03-04,3
Russia,2020-03-05,4
Russia,2020-03-06,13
Russia,2020-03-07,13
Russia,2020-03-08,17
Russia,2020-03-09,17
Russia,2020-03-10,20
Russia,2020-03-11,20
Russia,2020-03-12,28
Russia,2020-03-13,45
Russia,2020-03-14,59
Russia,2020-03-15,63
Russia,2020-03-16,90
Russia,2020-03-17,114
Russia,2020-03-18,147
Russia,2020-03-19,199
Russia,2020-03-20,253
Russia,2020-03-21,306
Russia,2020-03-22,367
Russia,2020-03-23,438
Russia,2020-03-24,495
Russia,2020-03-25,658
Russia,2020-03-26,840
Russia,2020-03-27,1036
Russia,2020-03-28,1264
Russia,2020-03-29,1534
Russia,2020-03-30,1836
Russia,2020-03-31,2337
Russia,2020-04-01,2777
Russia,2020-04-02,3548
Russia,2020-04-03,4149
Russia,2020-04-04,4731
Russia,2020-04-05,5389
Russia,2020-04-06,6343
Russia,2020-04-07,7497
Russia,2020-04-08,8672
Russia,2020-04-09,10131
Russia,2020-04-10,11917
Russia,2020-04-11,13584
Russia,2020-04-12,15770
Russia,2020-04-13,18328
Russia,2020-04-14,21102
Russia,2020-04-15,24490
Russia,2020-04-16,27938
San Marino,2020-01-22,0
San Marino,2020-01-23,0
San Marino,2020-01-24,0
San Marino,2020-01-25,0
San Marino,2020-01-26,0
San Marino,2020-01-27,0
San Marino,2020-01-28,0
San Marino,2020-01-29,0
San Marino,2020-01-30,0
San Marino,2020-01-31,0
San Marino,2020-02-01,0
San Marino,2020-02-02,0
San Marino,2020-02-03,0
San Marino,2020-02-04,0
San Marino,2020-02-05,0
San Marino,2020-02-06,0
San Marino,2020-02-07,0
San Marino,2020-02-08,0
San Marino,2020-02-09,0
San Marino,2020-02-10,0
San Marino,2020-02-11,0
San Marino,2020-02-12,0
San Marino,2020-02-13,0
San Marino,2020-02-14,0
San Marino,2020-02-15,0
San Marino,2020-02-16,0
San Marino,2020-02-17,0
San Marino,2020-02-18,0
San Marino,2020-02-19,0
San Marino,2020-02-20,0
San Marino,2020-02-21,0
San Marino,2020-02-22,0
San Marino,2020-02-23,0
San Marino,2020-02-24,0
San Marino,2020-02-25,0
San Marino,2020-02-26,0
San Marino,2020-02-27,1
San Marino,2020-02-28,1
San Marino,2020-02-29,1
San Marino,2020-03-01,1
San Marino,2020-03-02,8
San Marino,2020-03-03,10
San Marino,2020-03-04,16
San Marino,2020-03-05,21
San Marino,2020-03-06,21
San Marino,2020-03-07,23
San Marino,2020-03-08,36
San Marino,2020-03-09,36
San Marino,2020-03-10,51
San Marino,2020-03-11,62
San Marino,2020-03-12,69
San Marino,2020-03-13,80
San Marino,2020-03-14,80
San Marino,2020-03-15,101
San Marino,2020-03-16,109
San Marino,2020-03-17,109
San Marino,2020-03-18,119
San Marino,2020-03-19,119
San Marino,2020-03-20,144
San Marino,2020-03-21,144
San Marino,2020-03-22,175
San Marino,2020-03-23,187
San Marino,2020-03-24,187
San Marino,2020-03-25,208
San Marino,2020-03-26,208
San Marino,2020-03-27,223
San Marino,2020-03-28,224
San Marino,2020-03-29,224
San Marino,2020-03-30,230
San Marino,2020-03-31,236
San Marino,2020-04-01,236
San Marino,2020-04-02,245
San Marino,2020-04-03,245
San Marino,2020-04-04,259
San Marino,2020-04-05,266
San Marino,2020-04-06,266
San Marino,2020-04-07,279
San Marino,2020-04-08,279
San Marino,2020-04-09,333
San Marino,2020-04-10,344
San Marino,2020-04-11,356
San Marino,2020-04-12,356
San Marino,2020-04-13,356
San Marino,2020-04-14,371
San Marino,2020-04-15,372
San Marino,2020-04-16,426
Serbia,2020-01-22,0
Serbia,2020-01-23,0
Serbia,2020-01-24,0
Serbia,2020-01-25,0
Serbia,2020-01-26,0
Serbia,2020-01-27,0
Serbia,2020-01-28,0
Serbia,2020-01-29,0
Serbia,2020-01-30,0
Serbia,2020-01-31,0
Serbia,2020-02-01,0
Serbia,2020-02-02,0
Serbia,2020-02-03,0
Serbia,2020-02-04,0
Serbia,2020-02-05,0
Serbia,2020-02-06,0
Serbia,2020-02-07,0
Serbia,2020-02-08,0
Serbia,2020-02-09,0
Serbia,2020-02-10,0
Serbia,2020-02-11,0
Serbia,2020-02-12,0
Serbia,2020-02-13,0
Serbia,2020-02-14,0
Serbia,2020-02-15,0
Serbia,2020-02-16,0
Serbia,2020-02-17,0
Serbia,2020-02-18,0
Serbia,2020-02-19,0
Serbia,2020-02-20,0
Serbia,2020-02-21,0
Serbia,2020-02-22,0
Serbia,2020-02-23,0
Serbia,2020-02-24,0
Serbia,2020-02-25,0
Serbia,2020-02-26,0
Serbia,2020-02-27,0
Serbia,2020-02-28,0
Serbia,2020-02-29,0
Serbia,2020-03-01,0
Serbia,2020-03-02,0
Serbia,2020-03-03,0
Serbia,2020-03-04,0
Serbia,2020-03-05,0
Serbia,2020-03-06,1
Serbia,2020-03-07,1
Serbia,2020-03-08,1
Serbia,2020-03-09,1
Serbia,2020-03-10,5
Serbia,2020-03-11,12
Serbia,2020-03-12,19
Serbia,2020-03-13,35
Serbia,2020-03-14,46
Serbia,2020-03-15,48
Serbia,2020-03-16,55
Serbia,2020-03-17,65
Serbia,2020-03-18,83
Serbia,2020-03-19,103
Serbia,2020-03-20,135
Serbia,2020-03-21,171
Serbia,2020-03-22,222
Serbia,2020-03-23,249
Serbia,2020-03-24,303
Serbia,2020-03-25,384
Serbia,2020-03-26,384
Serbia,2020-03-27,457
Serbia,2020-03-28,659
Serbia,2020-03-29,741
Serbia,2020-03-30,785
Serbia,2020-03-31,900
Serbia,2020-04-01,1060
Serbia,2020-04-02,1171
Serbia,2020-04-03,1476
Serbia,2020-04-04,1624
Serbia,2020-04-05,1908
Serbia,2020-04-06,2200
Serbia,2020-04-07,2447
Serbia,2020-04-08,2666
Serbia,2020-04-09,2867
Serbia,2020-04-10,3105
Serbia,2020-04-11,3380
Serbia,2020-04-12,3630
Serbia,2020-04-13,4054
Serbia,2020-04-14,4465
Serbia,2020-04-15,4873
Serbia,2020-04-16,5318
Slovakia,2020-01-22,0
Slovakia,2020-01-23,0
Slovakia,2020-01-24,0
Slovakia,2020-01-25,0
Slovakia,2020-01-26,0
Slovakia,2020-01-27,0
Slovakia,2020-01-28,0
Slovakia,2020-01-29,0
Slovakia,2020-01-30,0
Slovakia,2020-01-31,0
Slovakia,2020-02-01,0
Slovakia,2020-02-02,0
Slovakia,2020-02-03,0
Slovakia,2020-02-04,0
Slovakia,2020-02-05,0
Slovakia,2020-02-06,0
Slovakia,2020-02-07,0
Slovakia,2020-02-08,0
Slovakia,2020-02-09,0
Slovakia,2020-02-10,0
Slovakia,2020-02-11,0
Slovakia,2020-02-12,0
Slovakia,2020-02-13,0
Slovakia,2020-02-14,0
Slovakia,2020-02-15,0
Slovakia,2020-02-16,0
Slovakia,2020-02-17,0
Slovakia,2020-02-18,0
Slovakia,2020-02-19,0
Slovakia,2020-02-20,0
Slovakia,2020-02-21,0
Slovakia,2020-02-22,0
Slovakia,2020-02-23,0
Slovakia,2020-02-24,0
Slovakia,2020-02-25,0
Slovakia,2020-02-26,0
Slovakia,2020-02-27,0
Slovakia,2020-02-28,0
Slovakia,2020-02-29,0
Slovakia,2020-03-01,0
Slovakia,2020-03-02,0
Slovakia,2020-03-03,0
Slovakia,2020-03-04,0
Slovakia,2020-03-05,0
Slovakia,2020-03-06,1
Slovakia,2020-03-07,1
Slovakia,2020-03-08,3
Slovakia,2020-03-09,3
Slovakia,2020-03-10,7
Slovakia,2020-03-11,10
Slovakia,2020-03-12,16
Slovakia,2020-03-13,32
Slovakia,2020-03-14,44
Slovakia,2020-03-15,54
Slovakia,2020-03-16,63
Slovakia,2020-03-17,72
Slovakia,2020-03-18,105
Slovakia,2020-03-19,123
Slovakia,2020-03-20,137
Slovakia,2020-03-21,178
Slovakia,2020-03-22,185
Slovakia,2020-03-23,186
Slovakia,2020-03-24,204
Slovakia,2020-03-25,216
Slovakia,2020-03-26,226
Slovakia,2020-03-27,269
Slovakia,2020-03-28,292
Slovakia,2020-03-29,314
Slovakia,2020-03-30,336
Slovakia,2020-03-31,363
Slovakia,2020-04-01,400
Slovakia,2020-04-02,426
Slovakia,2020-04-03,450
Slovakia,2020-04-04,471
Slovakia,2020-04-05,485
Slovakia,2020-04-06,534
Slovakia,2020-04-07,581
Slovakia,2020-04-08,682
Slovakia,2020-04-09,701
Slovakia,2020-04-10,715
Slovakia,2020-04-11,728
Slovakia,2020-04-12,742
Slovakia,2020-04-13,769
Slovakia,2020-04-14,835
Slovakia,2020-04-15,863
Slovakia,2020-04-16,977
Slovenia,2020-01-22,0
Slovenia,2020-01-23,0
Slovenia,2020-01-24,0
Slovenia,2020-01-25,0
Slovenia,2020-01-26,0
Slovenia,2020-01-27,0
Slovenia,2020-01-28,0
Slovenia,2020-01-29,0
Slovenia,2020-01-30,0
Slovenia,2020-01-31,0
Slovenia,2020-02-01,0
Slovenia,2020-02-02,0
Slovenia,2020-02-03,0
Slovenia,2020-02-04,0
Slovenia,2020-02-05,0
Slovenia,2020-02-06,0
Slovenia,2020-02-07,0
Slovenia,2020-02-08,0
Slovenia,2020-02-09,0
Slovenia,2020-02-10,0
Slovenia,2020-02-11,0
Slovenia,2020-02-12,0
Slovenia,2020-02-13,0
Slovenia,2020-02-14,0
Slovenia,2020-02-15,0
Slovenia,2020-02-16,0
Slovenia,2020-02-17,0
Slovenia,2020-02-18,0
Slovenia,2020-02-19,0
Slovenia,2020-02-20,0
Slovenia,2020-02-21,0
Slovenia,2020-02-22,0
Slovenia,2020-02-23,0
Slovenia,2020-02-24,0
Slovenia,2020-02-25,0
Slovenia,2020-02-26,0
Slovenia,2020-02-27,0
Slovenia,2020-02-28,0
Slovenia,2020-02-29,0
Slovenia,2020-03-01,0
Slovenia,2020-03-02,0
Slovenia,2020-03-03,0
Slovenia,2020-03-04,0
Slovenia,2020-03-05,2
Slovenia,2020-03-06,7
Slovenia,2020-03-07,7
Slovenia,2020-03-08,16
Slovenia,2020-03-09,16
Slovenia,2020-03-10,31
Slovenia,2020-03-11,57
Slovenia,2020-03-12,89
Slovenia,2020-03-13,141
Slovenia,2020-03-14,181
Slovenia,2020-03-15,219
Slovenia,2020-03-16,253
Slovenia,2020-03-17,275
Slovenia,2020-03-18,275
Slovenia,2020-03-19,286
Slovenia,2020-03-20,341
Slovenia,2020-03-21,383
Slovenia,2020-03-22,414
Slovenia,2020-03-23,442
Slovenia,2020-03-24,480
Slovenia,2020-03-25,528
Slovenia,2020-03-26,562
Slovenia,2020-03-27,632
Slovenia,2020-03-28,684
Slovenia,2020-03-29,730
Slovenia,2020-03-30,756
Slovenia,2020-03-31,802
Slovenia,2020-04-01,841
Slovenia,2020-04-02,897
Slovenia,2020-04-03,934
Slovenia,2020-04-04,977
Slovenia,2020-04-05,997
Slovenia,2020-04-06,1021
Slovenia,2020-04-07,1059
Slovenia,2020-04-08,1091
Slovenia,2020-04-09,1124
Slovenia,2020-04-10,1160
Slovenia,2020-04-11,1188
Slovenia,2020-04-12,1205
Slovenia,2020-04-13,1212
Slovenia,2020-04-14,1220
Slovenia,2020-04-15,1248
Slovenia,2020-04-16,1268
Spain,2020-01-22,0
Spain,2020-01-23,0
Spain,2020-01-24,0
Spain,2020-01-25,0
Spain,2020-01-26,0
Spain,2020-01-27,0
Spain,2020-01-28,0
Spain,2020-01-29,0
Spain,2020-01-30,0
Spain,2020-01-31,0
Spain,2020-02-01,1
Spain,2020-02-02,1
Spain,2020-02-03,1
Spain,2020-02-04,1
Spain,2020-02-05,1
Spain,2020-02-06,1
Spain,2020-02-07,1
Spain,2020-02-08,1
Spain,2020-02-09,2
Spain,2020-02-10,2
Spain,2020-02-11,2
Spain,2020-02-12,2
Spain,2020-02-13,2
Spain,2020-02-14,2
Spain,2020-02-15,2
Spain,2020-02-16,2
Spain,2020-02-17,2
Spain,2020-02-18,2
Spain,2020-02-19,2
Spain,2020-02-20,2
Spain,2020-02-21,2
Spain,2020-02-22,2
Spain,2020-02-23,2
Spain,2020-02-24,2
Spain,2020-02-25,6
Spain,2020-02-26,13
Spain,2020-02-27,15
Spain,2020-02-28,32
Spain,2020-02-29,45
Spain,2020-03-01,84
Spain,2020-03-02,120
Spain,2020-03-03,165
Spain,2020-03-04,222
Spain,2020-03-05,259
Spain,2020-03-06,400
Spain,2020-03-07,500
Spain,2020-03-08,673
Spain,2020-03-09,1073
Spain,2020-03-10,1695
Spain,2020-03-11,2277
Spain,2020-03-12,2277
Spain,2020-03-13,5232
Spain,2020-03-14,6391
Spain,2020-03-15,7798
Spain,2020-03-16,9942
Spain,2020-03-17,11748
Spain,2020-03-18,13910
Spain,2020-03-19,17963
Spain,2020-03-20,20410
Spain,2020-03-21,25374
Spain,2020-03-22,28768
Spain,2020-03-23,35136
Spain,2020-03-24,39885
Spain,2020-03-25,49515
Spain,2020-03-26,57786
Spain,2020-03-27,65719
Spain,2020-03-28,73235
Spain,2020-03-29,80110
Spain,2020-03-30,87956
Spain,2020-03-31,95923
Spain,2020-04-01,104118
Spain,2020-04-02,112065
Spain,2020-04-03,119199
Spain,2020-04-04,126168
Spain,2020-04-05,131646
Spain,2020-04-06,136675
Spain,2020-04-07,141942
Spain,2020-04-08,148220
Spain,2020-04-09,153222
Spain,2020-04-10,158273
Spain,2020-04-11,163027
Spain,2020-04-12,166831
Spain,2020-04-13,170099
Spain,2020-04-14,172541
Spain,2020-04-15,177644
Spain,2020-04-16,184948
Sweden,2020-01-22,0
Sweden,2020-01-23,0
Sweden,2020-01-24,0
Sweden,2020-01-25,0
Sweden,2020-01-26,0
Sweden,2020-01-27,0
Sweden,2020-01-28,0
Sweden,2020-01-29,0
Sweden,2020-01-30,0
Sweden,2020-01-31,1
Sweden,2020-02-01,1
Sweden,2020-02-02,1
Sweden,2020-02-03,1
Sweden,2020-02-04,1
Sweden,2020-02-05,1
Sweden,2020-02-06,1
Sweden,2020-02-07,1
Sweden,2020-02-08,1
Sweden,2020-02-09,1
Sweden,2020-02-10,1
Sweden,2020-02-11,1
Sweden,2020-02-12,1
Sweden,2020-02-13,1
Sweden,2020-02-14,1
Sweden,2020-02-15,1
Sweden,2020-02-16,1
Sweden,2020-02-17,1
Sweden,2020-02-18,1
Sweden,2020-02-19,1
Sweden,2020-02-20,1
Sweden,2020-02-21,1
Sweden,2020-02-22,1
Sweden,2020-02-23,1
Sweden,2020-02-24,1
Sweden,2020-02-25,1
Sweden,2020-02-26,2
Sweden,2020-02-27,7
Sweden,2020-02-28,7
Sweden,2020-02-29,12
Sweden,2020-03-01,14
Sweden,2020-03-02,15
Sweden,2020-03-03,21
Sweden,2020-03-04,35
Sweden,2020-03-05,94
Sweden,2020-03-06,101
Sweden,2020-03-07,161
Sweden,2020-03-08,203
Sweden,2020-03-09,248
Sweden,2020-03-10,355
Sweden,2020-03-11,500
Sweden,2020-03-12,599
Sweden,2020-03-13,814
Sweden,2020-03-14,961
Sweden,2020-03-15,1022
Sweden,2020-03-16,1103
Sweden,2020-03-17,1190
Sweden,2020-03-18,1279
Sweden,2020-03-19,1439
Sweden,2020-03-20,1639
Sweden,2020-03-21,1763
Sweden,2020-03-22,1934
Sweden,2020-03-23,2046
Sweden,2020-03-24,2286
Sweden,2020-03-25,2526
Sweden,2020-03-26,2840
Sweden,2020-03-27,3069
Sweden,2020-03-28,3447
Sweden,2020-03-29,3700
Sweden,2020-03-30,4028
Sweden,2020-03-31,4435
Sweden,2020-04-01,4947
Sweden,2020-04-02,5568
Sweden,2020-04-03,6131
Sweden,2020-04-04,6443
Sweden,2020-04-05,6830
Sweden,2020-04-06,7206
Sweden,2020-04-07,7693
Sweden,2020-04-08,8419
Sweden,2020-04-09,9141
Sweden,2020-04-10,9685
Sweden,2020-04-11,10151
Sweden,2020-04-12,10483
Sweden,2020-04-13,10948
Sweden,2020-04-14,11445
Sweden,2020-04-15,11927
Sweden,2020-04-16,12540
Switzerland,2020-01-22,0
Switzerland,2020-01-23,0
Switzerland,2020-01-24,0
Switzerland,2020-01-25,0
Switzerland,2020-01-26,0
Switzerland,2020-01-27,0
Switzerland,2020-01-28,0
Switzerland,2020-01-29,0
Switzerland,2020-01-30,0
Switzerland,2020-01-31,0
Switzerland,2020-02-01,0
Switzerland,2020-02-02,0
Switzerland,2020-02-03,0
Switzerland,2020-02-04,0
Switzerland,2020-02-05,0
Switzerland,2020-02-06,0
Switzerland,2020-02-07,0
Switzerland,2020-02-08,0
Switzerland,2020-02-09,0
Switzerland,2020-02-10,0
Switzerland,2020-02-11,0
Switzerland,2020-02-12,0
Switzerland,2020-02-13,0
Switzerland,2020-02-14,0
Switzerland,2020-02-15,0
Switzerland,2020-02-16,0
Switzerland,2020-02-17,0
Switzerland,2020-02-18,0
Switzerland,2020-02-19,0
Switzerland,2020-02-20,0
Switzerland,2020-02-21,0
Switzerland,2020-02-22,0
Switzerland,2020-02-23,0
Switzerland,2020-02-24,0
Switzerland,2020-02-25,1
Switzerland,2020-02-26,1
Switzerland,2020-02-27,8
Switzerland,2020-02-28,8
Switzerland,2020-02-29,18
Switzerland,2020-03-01,27
Switzerland,2020-03-02,42
Switzerland,2020-03-03,56
Switzerland,2020-03-04,90
Switzerland,2020-03-05,114
Switzerland,2020-03-06,214
Switzerland,2020-03-07,268
Switzerland,2020-03-08,337
Switzerland,2020-03-09,374
Switzerland,2020-03-10,491
Switzerland,2020-03-11,652
Switzerland,2020-03-12,652
Switzerland,2020-03-13,1139
Switzerland,2020-03-14,1359
Switzerland,2020-03-15,2200
Switzerland,2020-03-16,2200
Switzerland,2020-03-17,2700
Switzerland,2020-03-18,3028
Switzerland,2020-03-19,4075
Switzerland,2020-03-20,5294
Switzerland,2020-03-21,6575
Switzerland,2020-03-22,7474
Switzerland,2020-03-23,8795
Switzerland,2020-03-24,9877
Switzerland,2020-03-25,10897
Switzerland,2020-03-26,11811
Switzerland,2020-03-27,12928
Switzerland,2020-03-28,14076
Switzerland,2020-03-29,14829
Switzerland,2020-03-30,15922
Switzerland,2020-03-31,16605
Switzerland,2020-04-01,17768
Switzerland,2020-04-02,18827
Switzerland,2020-04-03,19606
Switzerland,2020-04-04,20505
Switzerland,2020-04-05,21100
Switzerland,2020-04-06,21657
Switzerland,2020-04-07,22253
Switzerland,2020-04-08,23280
Switzerland,2020-04-09,24051
Switzerland,2020-04-10,24551
Switzerland,2020-04-11,25107
Switzerland,2020-04-12,25415
Switzerland,2020-04-13,25688
Switzerland,2020-04-14,25936
Switzerland,2020-04-15,26336
Switzerland,2020-04-16,26732
Ukraine,2020-01-22,0
Ukraine,2020-01-23,0
Ukraine,2020-01-24,0
Ukraine,2020-01-25,0
Ukraine,2020-01-26,0
Ukraine,2020-01-27,0
Ukraine,2020-01-28,0
Ukraine,2020-01-29,0
Ukraine,2020-01-30,0
Ukraine,2020-01-31,0
Ukraine,2020-02-01,0
Ukraine,2020-02-02,0
Ukraine,2020-02-03,0
Ukraine,2020-02-04,0
Ukraine,2020-02-05,0
Ukraine,2020-02-06,0
Ukraine,2020-02-07,0
Ukraine,2020-02-08,0
Ukraine,2020-02-09,0
Ukraine,2020-02-10,0
Ukraine,2020-02-11,0
Ukraine,2020-02-12,0
Ukraine,2020-02-13,0
Ukraine,2020-02-14,0
Ukraine,2020-02-15,0
Ukraine,2020-02-16,0
Ukraine,2020-02-17,0
Ukraine,2020-02-18,0
Ukraine,2020-02-19,0
Ukraine,2020-02-20,0
Ukraine,2020-02-21,0
Ukraine,2020-02-22,0
Ukraine,2020-02-23,0
Ukraine,2020-02-24,0
Ukraine,2020-02-25,0
Ukraine,2020-02-26,0
Ukraine,2020-02-27,0
Ukraine,2020-02-28,0
Ukraine,2020-02-29,0
Ukraine,2020-03-01,0
Ukraine,2020-03-02,0
Ukraine,2020-03-03,1
Ukraine,2020-03-04,1
Ukraine,2020-03-05,1
Ukraine,2020-03-06,1
Ukraine,2020-03-07,1
Ukraine,2020-03-08,1
Ukraine,2020-03-09,1
Ukraine,2020-03-10,1
Ukraine,2020-03-11,1
Ukraine,2020-03-12,1
Ukraine,2020-03-13,3
Ukraine,2020-03-14,3
Ukraine,2020-03-15,3
Ukraine,2020-03-16,7
Ukraine,2020-03-17,14
Ukraine,2020-03-18,14
Ukraine,2020-03-19,16
Ukraine,2020-03-20,29
Ukraine,2020-03-21,47
Ukraine,2020-03-22,73
Ukraine,2020-03-23,73
Ukraine,2020-03-24,97
Ukraine,2020-03-25,145
Ukraine,2020-03-26,196
Ukraine,2020-03-27,310
Ukraine,2020-03-28,356
Ukraine,2020-03-29,475
Ukraine,2020-03-30,548
Ukraine,2020-03-31,645
Ukraine,2020-04-01,794
Ukraine,2020-04-02,897
Ukraine,2020-04-03,1072
Ukraine,2020-04-04,1225
Ukraine,2020-04-05,1308
Ukraine,2020-04-06,1319
Ukraine,2020-04-07,1462
Ukraine,2020-04-08,1668
Ukraine,2020-04-09,1892
Ukraine,2020-04-10,2203
Ukraine,2020-04-11,2511
Ukraine,2020-04-12,2777
Ukraine,2020-04-13,3102
Ukraine,2020-04-14,3372
Ukraine,2020-04-15,3764
Ukraine,2020-04-16,4161
